date,trades,pl_pct,state
2022-01-05,3,-1.114,stop
2022-01-06,6,1.385,target
2022-01-07,4,-1.040,stop
2022-01-10,3,0.605,
2022-01-11,6,1.097,target
2022-01-12,2,1.020,target
2022-01-13,4,-1.000,stop
2022-01-14,5,-1.001,stop
2022-01-17,4,-0.976,
2022-01-18,3,-1.234,stop
2022-01-19,3,-1.493,stop
2022-01-20,3,-1.105,stop
2022-01-21,5,-1.033,stop
2022-01-24,5,-0.957,
2022-01-25,3,-1.493,stop
2022-01-26,5,0.949,
2022-01-27,6,1.435,target
2022-01-28,2,1.099,target
2022-01-31,3,-1.372,stop
2022-02-01,4,1.109,target
2022-02-02,3,-0.541,
2022-02-03,3,-1.493,stop
2022-02-04,4,-1.051,stop
2022-02-07,4,1.106,target
2022-02-08,3,-1.191,stop
2022-02-09,4,-0.590,
2022-02-10,3,-1.110,stop
2022-02-11,3,-1.221,stop
2022-02-14,4,0.295,
2022-02-15,4,0.479,
2022-02-16,3,-1.178,stop
2022-02-17,5,-0.213,
2022-02-18,4,-0.610,
2022-02-21,4,1.253,target
2022-02-22,3,-1.293,stop
2022-02-23,5,-1.196,stop
2022-02-24,2,1.215,target
2022-02-25,6,0.062,
2022-02-28,3,-1.486,stop
2022-03-01,3,-1.049,stop
2022-03-02,3,-0.363,
2022-03-03,3,-1.493,stop
2022-03-04,4,1.031,target
2022-03-07,5,0.729,
2022-03-08,2,1.288,target
2022-03-09,4,1.597,target
2022-03-10,5,-1.003,stop
2022-03-11,4,1.464,target
2022-03-14,3,-1.313,stop
2022-03-15,7,-1.057,stop
2022-03-16,2,1.316,target
2022-03-17,6,-0.753,
2022-03-18,4,1.300,target
2022-03-21,4,-0.640,
2022-03-22,3,-1.001,stop
2022-03-23,9,1.014,target
2022-03-24,3,-1.240,stop
2022-03-25,5,-1.020,stop
2022-03-28,2,1.062,target
2022-03-29,2,1.234,target
2022-03-30,7,-0.107,
2022-03-31,7,-0.082,
2022-04-01,3,-1.493,stop
2022-04-04,2,1.162,target
2022-04-05,3,-1.493,stop
2022-04-06,5,-1.412,stop
2022-04-07,4,-0.888,
2022-04-08,3,-1.493,stop
2022-04-11,6,-0.732,
2022-04-12,6,-0.744,
2022-04-13,5,-0.269,
2022-04-14,3,-1.220,stop
2022-04-18,7,-0.207,
2022-04-19,7,-0.158,
2022-04-20,3,-1.179,stop
2022-04-21,5,-1.057,stop
2022-04-22,2,1.265,target
2022-04-25,2,1.240,target
2022-04-26,3,-1.493,stop
2022-04-27,5,0.378,
2022-04-28,3,-1.466,stop
2022-04-29,2,1.184,target
2022-05-02,2,1.250,target
2022-05-03,5,-1.400,stop
2022-05-04,3,-1.080,stop
2022-05-05,2,1.325,target
2022-05-06,5,-1.410,stop
2022-05-09,7,0.624,
2022-05-10,3,0.299,
2022-05-11,3,-1.155,stop
2022-05-12,5,-1.161,stop
2022-05-13,6,-0.742,
2022-05-16,5,0.369,
2022-05-17,2,1.166,target
2022-05-18,5,-0.303,
2022-05-19,4,1.183,target
2022-05-20,5,-1.296,stop
2022-05-23,3,0.767,
2022-05-24,4,1.206,target
2022-05-25,5,-1.255,stop
2022-05-26,2,1.168,target
2022-05-27,3,-0.405,
2022-05-30,2,1.109,target
2022-05-31,6,1.214,target
2022-06-01,5,-1.050,stop
2022-06-02,4,1.203,target
2022-06-03,6,-0.802,
2022-06-06,3,0.303,
2022-06-07,4,-1.014,stop
2022-06-08,3,-1.493,stop
2022-06-09,3,-1.264,stop
2022-06-10,3,-1.267,stop
2022-06-13,3,-1.232,stop
2022-06-14,6,0.420,
2022-06-15,7,-1.264,stop
2022-06-16,4,0.935,
2022-06-17,4,-0.886,
2022-06-20,2,-0.997,
2022-06-21,3,0.676,
2022-06-22,3,-1.067,stop
2022-06-23,3,-1.228,stop
2022-06-24,3,-1.445,stop
2022-06-27,4,1.280,target
2022-06-28,2,0.086,
2022-06-29,4,-0.967,
2022-06-30,4,0.161,
2022-07-01,7,-1.059,stop
2022-07-04,3,-1.144,stop
2022-07-05,3,-1.126,stop
2022-07-06,6,1.266,target
2022-07-07,3,-1.275,stop
2022-07-08,4,-0.903,
2022-07-11,5,0.733,
2022-07-12,5,-1.070,stop
2022-07-13,2,1.053,target
2022-07-14,3,-1.122,stop
2022-07-15,3,-0.382,
2022-07-18,2,1.109,target
2022-07-19,3,-1.150,stop
2022-07-20,7,-0.238,
2022-07-21,3,-1.493,stop
2022-07-22,6,-0.323,
2022-07-25,7,-0.183,
2022-07-26,3,0.668,
2022-07-27,4,-0.945,
2022-07-28,5,-1.430,stop
2022-07-29,4,1.016,target
2022-08-01,3,-1.108,stop
2022-08-02,7,-0.219,
2022-08-03,3,-1.169,stop
2022-08-04,3,-1.493,stop
2022-08-05,6,-0.824,
2022-08-08,3,-1.131,stop
2022-08-09,4,-1.012,stop
2022-08-10,4,-1.004,stop
2022-08-11,5,-0.404,
2022-08-12,3,-1.493,stop
2022-08-15,4,1.183,target
2022-08-16,4,0.033,
2022-08-17,6,-0.201,
2022-08-18,3,-1.493,stop
2022-08-19,3,-1.145,stop
2022-08-22,2,1.112,target
2022-08-23,4,0.255,
2022-08-24,5,-1.018,stop
2022-08-25,3,-1.402,stop
2022-08-26,3,1.125,target
2022-08-29,5,-0.240,
2022-08-30,6,0.184,
2022-08-31,7,0.252,
2022-09-01,5,-1.398,stop
2022-09-02,4,0.059,
2022-09-05,3,-1.173,stop
2022-09-06,6,-1.014,stop
2022-09-07,3,-1.493,stop
2022-09-08,3,-1.099,stop
2022-09-09,4,0.142,
2022-09-12,4,0.155,
2022-09-13,7,0.431,
2022-09-14,3,-1.493,stop
2022-09-15,4,1.117,target
2022-09-16,3,-1.155,stop
2022-09-19,3,-1.115,stop
2022-09-20,4,0.238,
2022-09-21,3,-1.155,stop
2022-09-22,2,1.210,target
2022-09-23,3,-1.269,stop
2022-09-26,7,-0.061,
2022-09-27,4,-0.417,
2022-09-28,5,-1.072,stop
2022-09-29,3,-1.363,stop
2022-09-30,5,0.825,
2022-10-03,3,-1.257,stop
2022-10-04,5,-1.374,stop
2022-10-05,4,0.275,
2022-10-06,5,-1.309,stop
2022-10-07,3,-1.071,stop
2022-10-10,2,1.198,target
2022-10-11,3,-1.099,stop
2022-10-12,4,-0.932,
2022-10-13,3,-1.326,stop
2022-10-14,3,-1.136,stop
2022-10-17,3,-1.493,stop
2022-10-18,3,-1.493,stop
2022-10-19,7,0.399,
2022-10-20,2,1.046,target
2022-10-21,5,-1.235,stop
2022-10-24,3,-1.040,stop
2022-10-25,5,-0.349,
2022-10-26,2,1.112,target
2022-10-27,7,-1.076,stop
2022-10-28,2,1.157,target
2022-10-31,6,0.238,
2022-11-01,2,1.076,target
2022-11-02,5,-1.030,stop
2022-11-03,3,-1.086,stop
2022-11-04,9,1.026,target
2022-11-07,3,-0.384,
2022-11-08,6,1.024,target
2022-11-09,3,-1.059,stop
2022-11-10,5,0.956,
2022-11-11,2,1.222,target
2022-11-14,5,-0.145,
2022-11-15,3,-0.406,
2022-11-16,4,-0.877,
2022-11-17,2,1.064,target
2022-11-18,3,-1.493,stop
2022-11-21,7,-1.376,stop
2022-11-22,4,-0.689,
2022-11-23,5,-1.248,stop
2022-11-24,5,-1.423,stop
2022-11-25,4,0.124,
2022-11-28,5,0.435,
2022-11-29,5,-1.085,stop
2022-11-30,5,-1.410,stop
2022-12-01,4,1.093,target
2022-12-02,4,0.207,
2022-12-05,2,1.200,target
2022-12-06,3,-1.182,stop
2022-12-07,3,-1.014,stop
2022-12-08,2,1.138,target
2022-12-09,6,0.167,
2022-12-12,2,1.117,target
2022-12-13,3,-1.080,stop
2022-12-14,5,-1.474,stop
2022-12-15,2,1.113,target
2022-12-16,3,-1.493,stop
2022-12-19,4,-0.604,
2022-12-20,6,0.415,
2022-12-21,2,1.147,target
2022-12-22,6,0.430,
2022-12-23,3,-1.131,stop
2022-12-27,2,1.110,target
2022-12-28,4,1.273,target
2022-12-29,5,-1.050,stop
2022-12-30,4,1.078,target
2023-01-03,3,-1.009,stop
2023-01-04,2,1.135,target
2023-01-05,6,0.410,
2023-01-06,5,-0.154,
2023-01-09,2,1.122,target
2023-01-10,3,-1.031,stop
2023-01-11,4,0.230,
2023-01-12,6,1.011,target
2023-01-13,7,-0.562,
2023-01-16,5,-0.288,
2023-01-17,4,-0.883,
2023-01-18,5,-0.287,
2023-01-19,7,-0.104,
2023-01-20,5,-1.147,stop
2023-01-23,5,-1.234,stop
2023-01-24,7,-0.686,
2023-01-25,3,-1.419,stop
2023-01-26,2,0.175,
2023-01-27,2,1.181,target
2023-01-30,3,-1.493,stop
2023-01-31,2,1.174,target
2023-02-01,4,1.164,target
2023-02-02,3,-1.261,stop
2023-02-03,3,-1.190,stop
2023-02-06,2,1.308,target
2023-02-07,3,-1.493,stop
2023-02-08,3,-0.060,
2023-02-09,3,-1.333,stop
2023-02-10,5,-1.294,stop
2023-02-13,5,-0.241,
2023-02-14,3,-0.480,
2023-02-15,4,1.086,target
2023-02-16,3,-1.008,stop
2023-02-17,2,1.218,target
2023-02-20,5,-1.114,stop
2023-02-21,4,-0.396,
2023-02-22,4,0.156,
2023-02-23,3,0.089,
2023-02-24,2,1.201,target
2023-02-27,3,-0.455,
2023-02-28,5,-0.121,
2023-03-01,6,-0.867,
2023-03-02,2,0.060,
2023-03-03,3,-1.356,stop
2023-03-06,2,1.141,target
2023-03-07,3,-1.118,stop
2023-03-08,3,-1.493,stop
2023-03-09,3,-1.190,stop
2023-03-10,7,-0.923,
2023-03-13,3,-1.108,stop
2023-03-14,3,-1.021,stop
2023-03-15,8,-0.655,
2023-03-16,3,-0.345,
2023-03-17,6,1.051,target
2023-03-20,2,1.290,target
2023-03-21,6,0.050,
2023-03-22,5,-0.231,
2023-03-23,5,-1.133,stop
2023-03-24,4,-0.149,
2023-03-27,7,-0.086,
2023-03-28,3,-1.493,stop
2023-03-29,5,-1.411,stop
2023-03-30,4,1.317,target
2023-03-31,5,-1.021,stop
2023-04-03,4,1.035,target
2023-04-04,3,0.820,
2023-04-05,3,-1.158,stop
2023-04-06,7,-1.127,stop
2023-04-10,6,-0.750,
2023-04-11,3,-1.018,stop
2023-04-12,2,1.010,target
2023-04-13,2,1.014,target
2023-04-14,3,-1.259,stop
2023-04-17,5,0.932,
2023-04-18,4,-0.893,
2023-04-19,6,1.085,target
2023-04-20,2,1.232,target
2023-04-21,2,1.209,target
2023-04-24,3,-1.182,stop
2023-04-25,7,-0.146,
2023-04-26,5,-1.415,stop
2023-04-27,3,-0.385,
2023-04-28,4,-0.982,
2023-05-01,7,-1.040,stop
2023-05-02,2,1.289,target
2023-05-03,3,-1.493,stop
2023-05-04,4,1.543,target
2023-05-05,2,1.152,target
2023-05-08,3,-1.493,stop
2023-05-09,6,0.324,
2023-05-10,4,-1.014,stop
2023-05-11,4,0.084,
2023-05-12,5,-0.284,
2023-05-15,5,-1.200,stop
2023-05-16,2,1.131,target
2023-05-17,4,1.267,target
2023-05-18,5,-1.452,stop
2023-05-19,5,-1.447,stop
2023-05-22,3,-0.701,
2023-05-23,3,-1.021,stop
2023-05-24,7,0.189,
2023-05-25,4,0.203,
2023-05-26,3,-1.024,stop
2023-05-29,5,-1.074,stop
2023-05-30,8,-0.502,
2023-05-31,4,1.344,target
2023-06-01,2,1.121,target
2023-06-02,6,1.145,target
2023-06-05,5,0.730,
2023-06-06,3,-1.493,stop
2023-06-07,4,1.099,target
2023-06-08,4,-0.459,
2023-06-09,3,-1.371,stop
2023-06-12,3,-1.252,stop
2023-06-13,5,0.328,
2023-06-14,2,-0.585,
2023-06-15,2,1.195,target
2023-06-16,6,-0.622,
2023-06-19,3,-1.122,stop
2023-06-20,2,1.087,target
2023-06-21,3,-1.493,stop
2023-06-22,5,-1.299,stop
2023-06-23,4,-1.030,stop
2023-06-26,5,-0.123,
2023-06-27,2,1.059,target
2023-06-28,5,-1.019,stop
2023-06-29,2,1.190,target
2023-06-30,3,-1.073,stop
2023-07-03,3,-1.174,stop
2023-07-04,3,-1.493,stop
2023-07-05,4,-1.007,stop
2023-07-06,4,0.145,
2023-07-07,3,-1.493,stop
2023-07-10,5,-1.004,stop
2023-07-11,3,1.245,target
2023-07-12,4,-1.099,stop
2023-07-13,3,0.037,
2023-07-14,2,1.108,target
2023-07-17,3,-0.475,
2023-07-18,3,-1.493,stop
2023-07-19,3,-1.493,stop
2023-07-20,6,0.185,
2023-07-21,2,1.098,target
2023-07-24,3,-1.493,stop
2023-07-25,3,-1.076,stop
2023-07-26,6,-0.935,
2023-07-27,8,-0.182,
2023-07-28,3,-1.493,stop
2023-07-31,3,-1.116,stop
2023-08-01,3,-1.493,stop
2023-08-02,5,-0.364,
2023-08-03,3,-1.493,stop
2023-08-04,3,-1.267,stop
2023-08-07,4,-0.951,
2023-08-08,6,-0.618,
2023-08-09,4,0.306,
2023-08-10,3,0.702,
2023-08-11,3,-1.493,stop
2023-08-14,2,1.064,target
2023-08-15,3,-1.083,stop
2023-08-16,3,-1.086,stop
2023-08-17,4,-0.856,
2023-08-18,3,-1.053,stop
2023-08-21,4,0.939,
2023-08-22,3,1.043,target
2023-08-23,6,-1.049,stop
2023-08-24,4,0.286,
2023-08-25,4,-0.409,
2023-08-28,4,-0.901,
2023-08-29,8,-0.095,
2023-08-30,4,0.100,
2023-08-31,5,0.134,
2023-09-01,4,0.501,
2023-09-04,4,-1.003,stop
2023-09-05,3,-1.343,stop
2023-09-06,5,0.373,
2023-09-07,3,-1.493,stop
2023-09-08,3,1.374,target
2023-09-11,3,1.104,target
2023-09-12,6,0.059,
2023-09-13,4,-0.092,
2023-09-14,4,-0.341,
2023-09-15,9,-0.708,
2023-09-18,6,0.344,
2023-09-19,5,-0.514,
2023-09-20,3,-1.118,stop
2023-09-21,2,1.092,target
2023-09-22,4,-1.004,stop
2023-09-25,3,-1.493,stop
2023-09-26,3,1.174,target
2023-09-27,4,1.117,target
2023-09-28,3,-0.351,
2023-09-29,3,-1.194,stop
2023-10-02,7,-0.399,
2023-10-03,2,1.078,target
2023-10-04,3,-1.394,stop
2023-10-05,5,-1.155,stop
2023-10-06,3,-1.493,stop
2023-10-09,3,-1.261,stop
2023-10-10,3,-0.150,
2023-10-11,4,1.226,target
2023-10-12,4,1.143,target
2023-10-13,6,1.360,target
2023-10-16,1,-0.500,
2023-10-17,3,-0.401,
2023-10-18,4,1.166,target
2023-10-19,2,1.058,target
2023-10-20,5,0.276,
2023-10-23,3,-1.493,stop
2023-10-24,3,0.746,
2023-10-25,4,-1.025,stop
2023-10-26,4,-0.897,
2023-10-27,3,-1.493,stop
2023-10-30,1,-0.500,
2023-10-31,4,1.116,target
2023-11-01,2,1.021,target
2023-11-02,3,-1.493,stop
2023-11-03,3,-1.493,stop
2023-11-06,7,-0.277,
2023-11-07,6,1.177,target
2023-11-08,7,-0.597,
2023-11-09,5,0.327,
2023-11-10,3,-1.493,stop
2023-11-13,5,-1.393,stop
2023-11-14,3,-1.031,stop
2023-11-15,5,-1.264,stop
2023-11-16,7,-0.243,
2023-11-17,4,1.113,target
2023-11-20,5,0.731,
2023-11-21,2,1.075,target
2023-11-22,2,1.129,target
2023-11-23,1,-0.500,
2023-11-24,4,-0.953,
2023-11-27,6,0.011,
2023-11-28,2,1.071,target
2023-11-29,2,1.112,target
2023-11-30,3,-1.154,stop
2023-12-01,4,1.465,target
2023-12-04,4,1.444,target
2023-12-05,5,-0.192,
2023-12-06,4,1.301,target
2023-12-07,3,-1.195,stop
2023-12-08,4,-0.401,
2023-12-11,2,1.108,target
2023-12-12,3,-0.050,
2023-12-13,5,0.416,
2023-12-14,5,-1.295,stop
2023-12-15,3,-1.014,stop
2023-12-18,2,-0.998,
2023-12-19,3,-1.257,stop
2023-12-20,2,1.084,target
2023-12-21,3,-1.188,stop
2023-12-22,2,1.167,target
2023-12-26,4,-0.314,
2023-12-27,3,-1.085,stop
2023-12-28,2,1.151,target
2023-12-29,4,-0.342,
2024-01-02,5,-1.007,stop
2024-01-03,5,0.928,
2024-01-04,3,-1.493,stop
2024-01-05,5,-1.142,stop
2024-01-08,2,1.198,target
2024-01-09,3,-1.051,stop
2024-01-10,5,-1.321,stop
2024-01-11,4,-0.934,
2024-01-12,5,-0.216,
2024-01-15,5,-1.101,stop
2024-01-16,5,-1.376,stop
2024-01-17,6,1.252,target
2024-01-18,3,-1.165,stop
2024-01-19,3,-1.038,stop
2024-01-22,5,-1.034,stop
2024-01-23,5,-1.095,stop
2024-01-24,4,0.600,
2024-01-25,2,0.096,
2024-01-26,2,-0.997,
2024-01-29,2,1.198,target
2024-01-30,3,-1.147,stop
2024-01-31,4,0.232,
2024-02-01,5,-0.205,
2024-02-02,3,-1.032,stop
2024-02-05,4,1.354,target
2024-02-06,4,0.242,
2024-02-07,3,-1.493,stop
2024-02-08,5,-1.045,stop
2024-02-09,3,0.711,
2024-02-12,4,0.139,
2024-02-13,8,-0.600,
2024-02-14,5,-1.059,stop
2024-02-15,6,-0.350,
2024-02-16,4,-0.356,
2024-02-19,5,-1.267,stop
2024-02-20,7,-1.057,stop
2024-02-21,2,1.054,target
2024-02-22,2,1.099,target
2024-02-23,4,1.136,target
2024-02-26,3,-0.395,
2024-02-27,5,-0.483,
2024-02-28,5,0.030,
2024-02-29,3,-1.204,stop
2024-03-01,8,1.293,target
2024-03-04,7,-1.380,stop
2024-03-05,2,1.214,target
2024-03-06,7,-0.694,
2024-03-07,2,1.254,target
2024-03-08,5,-1.398,stop
2024-03-11,5,-1.354,stop
2024-03-12,3,-1.151,stop
2024-03-13,3,-1.268,stop
2024-03-14,3,-1.106,stop
2024-03-15,5,-1.137,stop
2024-03-18,4,1.303,target
2024-03-19,3,-0.206,
2024-03-20,3,-1.227,stop
2024-03-21,6,-0.549,
2024-03-22,4,0.277,
2024-03-25,2,0.120,
2024-03-26,3,-1.482,stop
2024-03-27,3,-1.298,stop
2024-03-28,7,0.395,
2024-04-01,4,0.920,
2024-04-02,3,-1.040,stop
2024-04-03,3,-1.493,stop
2024-04-04,5,-1.216,stop
2024-04-05,2,1.275,target
2024-04-08,2,1.390,target
2024-04-09,7,-0.883,
2024-04-10,5,-1.368,stop
2024-04-11,2,1.280,target
2024-04-12,2,1.004,target
2024-04-15,3,-1.493,stop
2024-04-16,3,-1.356,stop
2024-04-17,2,1.033,target
2024-04-18,3,-1.493,stop
2024-04-19,5,-1.335,stop
2024-04-22,2,1.316,target
2024-04-23,3,-1.186,stop
2024-04-24,5,-1.349,stop
2024-04-25,5,-1.071,stop
2024-04-26,4,1.384,target
2024-04-29,5,-1.005,stop
2024-04-30,4,1.393,target
2024-05-01,6,-0.713,
2024-05-02,5,-0.046,
2024-05-03,3,-1.493,stop
2024-05-06,5,0.960,
2024-05-07,3,-1.370,stop
2024-05-08,2,1.150,target
2024-05-09,2,1.243,target
2024-05-10,4,1.242,target
2024-05-13,2,1.235,target
2024-05-14,3,-1.493,stop
2024-05-15,4,1.274,target
2024-05-16,7,-0.460,
2024-05-17,7,1.112,target
2024-05-20,2,1.379,target
2024-05-21,2,1.353,target
2024-05-22,6,1.654,target
2024-05-23,6,0.527,
2024-05-24,3,-1.493,stop
2024-05-27,3,-1.493,stop
2024-05-28,3,-1.173,stop
2024-05-29,2,1.293,target
2024-05-30,7,-1.018,stop
2024-05-31,4,0.328,
2024-06-03,6,1.035,target
2024-06-04,5,-1.351,stop
2024-06-05,5,0.941,
2024-06-06,3,-1.493,stop
2024-06-07,2,1.233,target
2024-06-10,3,-1.175,stop
2024-06-11,5,-0.276,
2024-06-12,4,-0.849,
2024-06-13,4,0.473,
2024-06-14,7,-0.827,
2024-06-17,1,-0.500,
2024-06-18,5,0.269,
2024-06-19,4,-0.970,
2024-06-20,7,1.129,target
2024-06-21,2,1.170,target
2024-06-24,2,0.901,
2024-06-25,3,-1.493,stop
2024-06-26,4,1.344,target
2024-06-27,6,-0.737,
2024-06-28,4,0.200,
2024-07-01,3,-1.493,stop
2024-07-02,3,-1.493,stop
2024-07-03,7,-1.112,stop
2024-07-04,4,-0.309,
2024-07-05,3,-1.089,stop
2024-07-08,3,-1.067,stop
2024-07-09,4,0.220,
2024-07-10,4,1.241,target
2024-07-11,5,-1.259,stop
2024-07-12,3,0.356,
2024-07-15,5,-0.205,
2024-07-16,2,1.161,target
2024-07-17,6,-0.473,
2024-07-18,4,0.314,
2024-07-19,2,1.252,target
2024-07-22,2,1.119,target
2024-07-23,5,-1.374,stop
2024-07-24,3,-1.344,stop
2024-07-25,6,-0.668,
2024-07-26,3,-1.091,stop
2024-07-29,5,-0.181,
2024-07-30,7,-0.075,
2024-07-31,5,-1.086,stop
2024-08-01,2,1.273,target
2024-08-02,4,0.363,
2024-08-05,4,1.586,target
2024-08-06,5,-1.338,stop
2024-08-07,5,0.222,
2024-08-08,4,1.228,target
2024-08-09,4,-0.866,
2024-08-12,4,1.375,target
2024-08-13,2,1.210,target
2024-08-14,5,0.909,
2024-08-15,5,-0.276,
2024-08-16,9,0.473,
2024-08-19,3,-1.453,stop
2024-08-20,3,-1.493,stop
2024-08-21,5,-0.238,
2024-08-22,4,1.451,target
2024-08-23,4,-0.877,
2024-08-26,3,-1.108,stop
2024-08-27,2,1.044,target
2024-08-28,6,0.394,
2024-08-29,5,-1.372,stop
2024-08-30,3,-1.493,stop
2024-09-02,3,-0.379,
2024-09-03,2,1.119,target
2024-09-04,5,-0.947,
2024-09-05,4,1.312,target
2024-09-06,5,-1.245,stop
2024-09-09,5,-0.195,
2024-09-10,6,-0.214,
2024-09-11,3,-1.248,stop
2024-09-12,7,-1.160,stop
2024-09-13,3,-1.023,stop
2024-09-16,2,1.194,target
2024-09-17,3,-1.419,stop
2024-09-18,3,-1.493,stop
2024-09-19,3,-1.210,stop
2024-09-20,4,1.314,target
2024-09-23,2,1.112,target
2024-09-24,4,1.212,target
2024-09-25,3,-1.493,stop
2024-09-26,3,-1.271,stop
2024-09-27,3,-1.401,stop
2024-09-30,3,-1.212,stop
2024-10-01,5,-0.219,
2024-10-02,5,-0.801,
2024-10-03,4,-0.869,
2024-10-04,5,-1.100,stop
2024-10-07,4,-0.894,
2024-10-08,7,0.027,
2024-10-09,3,-1.117,stop
2024-10-10,3,0.140,
2024-10-11,5,0.260,
2024-10-14,4,-0.851,
2024-10-15,4,-0.814,
2024-10-16,5,-1.021,stop
2024-10-17,7,-1.225,stop
2024-10-18,2,1.092,target
2024-10-21,3,-1.086,stop
2024-10-22,5,-1.009,stop
2024-10-23,2,1.140,target
2024-10-24,5,-1.070,stop
2024-10-25,6,0.183,
2024-10-28,2,-0.227,
2024-10-29,2,1.149,target
2024-10-30,7,-0.731,
2024-10-31,5,1.009,target
2024-11-01,5,-0.537,
2024-11-04,3,-1.168,stop
2024-11-05,3,-1.493,stop
2024-11-06,5,-1.139,stop
2024-11-07,2,1.320,target
2024-11-08,4,-0.497,
2024-11-11,8,-0.497,
2024-11-12,6,0.496,
2024-11-13,4,-0.119,
2024-11-14,5,1.011,target
2024-11-15,3,-1.205,stop
2024-11-18,2,1.328,target
2024-11-19,2,1.224,target
2024-11-20,2,1.002,target
2024-11-21,7,0.090,
2024-11-22,2,1.224,target
2024-11-25,6,-0.183,
2024-11-26,5,-1.104,stop
2024-11-27,7,-1.032,stop
2024-11-28,2,1.293,target
2024-11-29,5,-1.009,stop
2024-12-02,5,-1.161,stop
2024-12-03,3,0.774,
2024-12-04,4,1.013,target
2024-12-05,3,-1.183,stop
2024-12-06,3,-1.171,stop
2024-12-09,6,1.504,target
2024-12-10,7,0.376,
2024-12-11,6,0.136,
2024-12-12,2,1.168,target
2024-12-13,2,1.132,target
2024-12-16,3,-1.038,stop
2024-12-17,5,-1.009,stop
2024-12-18,5,-1.428,stop
2024-12-19,4,0.938,
2024-12-20,5,1.006,target
2024-12-23,3,-0.852,
2024-12-24,3,-1.367,stop
2024-12-26,2,1.093,target
2024-12-27,3,-1.268,stop
2024-12-30,4,1.412,target
2024-12-31,3,-1.260,stop
2025-01-02,5,-1.029,stop
2025-01-03,3,-1.166,stop
2025-01-06,2,1.297,target
2025-01-07,6,1.040,target
2025-01-08,6,-0.492,
2025-01-09,3,-1.180,stop
2025-01-10,5,-1.141,stop
2025-01-13,5,-0.172,
2025-01-14,3,-1.493,stop
2025-01-15,2,1.214,target
2025-01-16,4,1.002,target
2025-01-17,3,-1.121,stop
2025-01-20,4,-0.885,
2025-01-21,7,1.007,target
2025-01-22,2,1.239,target
2025-01-23,3,-0.330,
2025-01-24,4,1.376,target
2025-01-27,7,-1.008,stop
2025-01-28,6,0.628,
2025-01-29,3,-1.493,stop
2025-01-30,3,1.076,target
2025-01-31,5,-0.211,
2025-02-03,2,1.000,target
2025-02-04,7,-0.043,
2025-02-05,4,1.428,target
2025-02-06,3,0.829,
2025-02-07,4,0.285,
2025-02-10,4,1.265,target
2025-02-11,2,1.291,target
2025-02-12,2,1.303,target
2025-02-13,5,-0.334,
2025-02-14,5,-1.251,stop
2025-02-17,3,-0.339,
2025-02-18,2,1.255,target
2025-02-19,2,1.285,target
2025-02-20,3,-1.183,stop
2025-02-21,2,1.335,target
2025-02-24,3,-1.036,stop
2025-02-25,3,0.856,
2025-02-26,3,-1.493,stop
2025-02-27,4,1.096,target
2025-02-28,2,1.344,target
2025-03-03,5,-1.328,stop
2025-03-04,4,1.081,target
2025-03-05,3,-1.034,stop
2025-03-06,4,1.271,target
2025-03-07,5,-1.008,stop
2025-03-10,4,0.357,
2025-03-11,7,-1.027,stop
2025-03-12,6,-0.344,
2025-03-13,9,1.097,target
2025-03-14,6,-0.679,
2025-03-17,5,-1.094,stop
2025-03-18,3,-1.073,stop
2025-03-19,2,1.115,target
2025-03-20,2,1.098,target
2025-03-21,6,1.157,target
2025-03-24,5,-1.094,stop
2025-03-25,4,0.324,
2025-03-26,3,-1.103,stop
2025-03-27,7,-0.517,
2025-03-28,2,1.002,target
2025-03-31,7,-0.421,
2025-04-01,6,0.479,
2025-04-02,5,-1.352,stop
2025-04-03,5,1.114,target
2025-04-04,4,1.469,target
2025-04-07,3,-1.493,stop
2025-04-08,4,1.151,target
2025-04-09,5,1.120,target
2025-04-10,5,1.136,target
2025-04-11,2,1.403,target
2025-04-14,5,-1.173,stop
2025-04-15,3,-1.493,stop
2025-04-16,2,1.340,target
2025-04-17,5,-1.285,stop
2025-04-21,2,1.391,target
2025-04-22,4,1.025,target
2025-04-23,2,1.456,target
2025-04-24,5,-1.017,stop
2025-04-25,5,-0.087,
2025-04-28,3,-1.493,stop
2025-04-29,1,0.701,
2025-04-30,3,-1.060,stop
2025-05-01,7,-1.093,stop
2025-05-02,5,-1.305,stop
2025-05-05,2,1.385,target
2025-05-06,3,-1.102,stop
2025-05-07,3,-1.493,stop
2025-05-08,5,1.143,target
2025-05-09,6,-0.614,
2025-05-12,6,-0.391,
2025-05-13,5,-1.005,stop
2025-05-14,4,1.603,target
2025-05-15,2,1.397,target
2025-05-16,5,-0.117,
2025-05-19,2,1.019,target
2025-05-20,2,1.001,target
2025-05-21,5,-1.275,stop
2025-05-22,7,-1.121,stop
2025-05-23,4,1.597,target
2025-05-26,4,-0.829,
2025-05-27,7,-0.015,
2025-05-28,3,-1.343,stop
2025-05-29,4,1.120,target
2025-05-30,3,-1.331,stop
2025-06-02,4,1.536,target
2025-06-03,5,-0.159,
2025-06-04,6,-0.616,
2025-06-05,3,-1.040,stop
2025-06-06,4,-0.049,
2025-06-09,3,-1.377,stop
2025-06-10,2,1.127,target
2025-06-11,3,-1.099,stop
2025-06-12,7,-0.604,
2025-06-13,2,1.317,target
2025-06-16,6,-0.636,
2025-06-17,5,-1.297,stop
2025-06-18,5,-1.324,stop
2025-06-19,5,-0.158,
2025-06-20,5,-1.314,stop
2025-06-23,5,-0.145,
2025-06-24,2,1.365,target
2025-06-25,3,-1.229,stop
2025-06-26,6,0.167,
2025-06-27,2,1.329,target
2025-06-30,2,1.022,target
2025-07-01,6,1.302,target
2025-07-02,3,-1.493,stop
2025-07-03,3,0.242,
2025-07-04,2,-0.997,
2025-07-07,2,1.309,target
2025-07-08,3,-1.493,stop
2025-07-09,5,-1.043,stop
2025-07-10,3,0.795,
2025-07-11,5,-1.003,stop
2025-07-14,7,-0.057,
2025-07-15,3,-0.296,
2025-07-16,3,0.893,
2025-07-17,5,-1.263,stop
2025-07-18,3,-1.284,stop
2025-07-21,4,1.138,target
2025-07-22,3,-1.493,stop
2025-07-23,3,-1.493,stop
2025-07-24,3,-1.099,stop
2025-07-25,7,-1.057,stop
2025-07-28,6,0.417,
2025-07-29,3,-1.057,stop
2025-07-30,7,1.023,target
2025-07-31,3,-1.153,stop
2025-08-01,7,0.576,
2025-08-04,4,1.065,target
2025-08-05,5,-0.169,
2025-08-06,5,0.264,
2025-08-07,2,1.005,target
2025-08-08,3,-1.237,stop
2025-08-11,2,1.347,target
2025-08-12,2,1.341,target
2025-08-13,3,-1.170,stop
2025-08-14,2,1.230,target
2025-08-15,3,-1.137,stop
2025-08-18,7,-0.083,
2025-08-19,5,-1.109,stop
2025-08-20,3,-1.040,stop
2025-08-21,3,-0.351,
2025-08-22,3,-1.279,stop
2025-08-25,3,-1.284,stop
2025-08-26,6,0.411,
2025-08-27,3,-1.174,stop
2025-08-28,5,0.968,
2025-08-29,3,-1.201,stop
2025-09-01,2,1.265,target
2025-09-02,5,1.098,target
2025-09-03,6,0.555,
2025-09-04,3,-0.301,
2025-09-05,3,-1.151,stop
2025-09-08,4,1.284,target
2025-09-09,2,1.331,target
2025-09-10,5,-1.322,stop
2025-09-11,2,1.342,target
2025-09-12,2,1.234,target
2025-10-15,3,0.183,
2025-10-16,3,-1.051,stop
2025-10-17,4,-0.779,
2025-10-20,4,1.074,target
2025-10-21,2,1.183,target
2025-10-22,4,0.455,
2025-10-23,5,-0.072,
2025-10-24,3,-1.356,stop
2025-10-27,6,-0.566,
2025-10-28,2,1.043,target
2025-10-29,5,1.010,target
2025-10-30,5,0.396,
2025-10-31,3,-0.295,
2025-11-03,4,1.215,target
2025-11-04,3,-1.338,stop
2025-11-05,3,-1.493,stop
2025-11-06,2,1.384,target
2025-11-07,4,-0.812,
2025-11-10,4,1.267,target
2025-11-11,2,1.372,target
2025-11-12,2,1.129,target
2025-11-13,2,1.053,target
2025-11-14,4,1.227,target
2025-11-17,6,-0.579,
2025-11-18,5,-0.162,
2025-11-19,6,-0.590,
2025-11-20,4,-0.784,
2025-11-21,3,-1.139,stop
2025-11-24,3,-1.246,stop
2025-11-25,3,-1.146,stop
2025-11-26,2,1.386,target
2025-11-27,3,-1.173,stop
2025-11-28,2,1.300,target
2025-12-01,4,0.422,
2025-12-02,4,1.632,target
2025-12-03,3,-0.303,
2025-12-04,4,-0.798,
2025-12-05,2,1.391,target
2025-12-08,2,0.205,
2025-12-09,4,-0.713,
2025-12-10,3,-1.190,stop
2025-12-11,3,-1.493,stop
2025-12-12,2,1.359,target
2025-12-15,5,1.108,target
2025-12-16,4,-0.792,
2025-12-17,2,1.052,target
2025-12-18,3,-1.493,stop
2025-12-19,3,0.888,
2025-12-22,2,1.022,target
2025-12-23,2,1.401,target
2025-12-24,5,-1.295,stop
2025-12-26,2,1.100,target
2025-12-29,2,1.424,target
2025-12-30,3,-1.101,stop
2025-12-31,4,0.040,
2026-01-02,4,1.124,target
2026-01-05,5,1.149,target
2026-01-06,5,-1.284,stop
2026-01-07,5,-0.087,
2026-01-08,6,0.426,
2026-01-09,4,1.240,target
2026-01-12,2,1.420,target
2026-01-13,2,-0.997,
2026-01-22,2,0.938,
2026-01-23,3,-1.048,stop
2026-01-26,5,-1.028,stop
2026-01-27,4,1.158,target
2026-01-28,2,1.089,target
2026-01-29,5,-1.261,stop
2026-01-30,5,1.225,target
