open,close,dir,entry,sl,tp,exit,r,why,hold_h
2015-03-17 15:00,2015-03-17 15:45,sell,1145.40,1148.78,1135.25,1148.78,-1.000,sl,0.75
2015-03-17 21:45,2015-03-18 02:15,sell,1148.30,1150.27,1142.38,1150.27,-1.000,sl,2.50
2015-03-18 15:30,2015-03-18 17:15,sell,1148.06,1150.95,1139.39,1150.95,-1.000,sl,1.75
2015-07-08 15:45,2015-07-08 16:00,sell,1153.69,1156.97,1143.84,1156.97,-1.000,sl,0.25
2015-07-13 15:00,2015-07-13 17:30,sell,1155.06,1154.93,1147.36,1154.93,0.050,sl,2.50
2015-07-14 19:30,2015-07-15 16:15,sell,1155.11,1154.99,1148.22,1148.22,3.000,tp,19.75
2015-07-15 16:15,2015-07-15 19:15,sell,1147.32,1147.18,1139.12,1147.18,0.050,sl,3.00
2015-07-16 15:15,2015-07-16 15:30,sell,1142.39,1144.92,1134.81,1144.92,-1.000,sl,0.25
2015-07-16 21:30,2015-07-17 15:30,sell,1144.91,1144.83,1140.38,1140.38,3.000,tp,17.00
2015-07-17 15:30,2015-07-17 17:00,sell,1139.47,1139.36,1132.86,1132.86,3.000,tp,1.50
2015-07-17 21:30,2015-07-17 23:30,sell,1133.07,1135.06,1127.09,1135.06,-1.000,sl,2.00
2015-07-20 15:00,2015-07-20 16:15,sell,1112.29,1112.13,1102.45,1112.13,0.050,sl,1.25
2015-07-20 21:15,2015-07-20 23:00,sell,1106.03,1105.85,1095.45,1095.45,3.000,tp,1.75
2015-07-21 20:45,2015-07-22 01:00,sell,1102.76,1102.63,1094.95,1102.63,0.050,sl,3.25
2015-07-22 16:15,2015-07-22 17:45,sell,1089.00,1093.44,1075.67,1093.44,-1.000,sl,1.50
2015-07-23 17:00,2015-07-24 04:00,sell,1096.51,1096.32,1084.99,1084.99,3.000,tp,10.00
2015-07-24 16:15,2015-07-24 18:15,sell,1081.01,1085.16,1068.58,1085.16,-1.000,sl,2.00
2015-07-30 15:15,2015-07-30 15:30,sell,1084.91,1087.00,1078.66,1087.00,-1.000,sl,0.25
2015-07-30 21:15,2015-07-31 15:30,sell,1088.51,1088.35,1078.61,1088.35,0.050,sl,17.25
2015-08-03 22:45,2015-08-04 08:45,sell,1086.12,1086.00,1078.53,1086.00,0.050,sl,9.00
2015-08-04 23:30,2015-08-05 08:45,sell,1087.81,1087.67,1079.39,1087.67,0.050,sl,8.25
2015-08-05 18:30,2015-08-06 16:00,sell,1083.38,1087.60,1070.74,1087.60,-1.000,sl,20.50
2015-11-13 15:45,2015-11-16 01:00,sell,1080.89,1085.89,1065.91,1085.89,-1.000,sl,8.25
2015-11-17 15:30,2015-11-17 18:30,sell,1079.75,1079.60,1070.45,1070.45,3.000,tp,3.00
2015-11-17 22:00,2015-11-18 08:15,sell,1071.40,1071.21,1059.83,1071.21,0.050,sl,9.25
2015-11-18 15:00,2015-11-18 16:15,sell,1067.63,1070.01,1060.50,1070.01,-1.000,sl,1.25
2015-11-18 22:45,2015-11-19 02:15,sell,1069.72,1074.02,1056.82,1074.02,-1.000,sl,2.50
2015-11-19 15:00,2015-11-19 16:15,sell,1071.67,1073.94,1064.87,1073.94,-1.000,sl,1.25
2015-11-23 17:00,2015-11-24 10:45,sell,1070.07,1074.60,1056.48,1074.60,-1.000,sl,16.75
2015-11-25 18:15,2015-11-26 19:15,sell,1071.26,1074.83,1060.56,1071.21,0.015,time,24.00
2015-11-27 15:00,2015-11-27 16:30,sell,1056.70,1056.52,1045.89,1056.52,0.050,sl,1.50
2015-12-02 16:45,2015-12-02 21:00,sell,1056.05,1055.89,1046.28,1055.89,0.050,sl,4.25
2015-12-02 22:45,2015-12-03 04:45,sell,1052.34,1052.18,1042.41,1052.18,0.050,sl,5.00
2015-12-15 20:15,2015-12-16 05:00,sell,1061.99,1065.85,1050.42,1065.85,-1.000,sl,7.75
2015-12-31 16:15,2015-12-31 16:30,sell,1060.94,1063.01,1054.75,1063.01,-1.000,sl,0.25
2016-02-04 15:00,2016-02-04 17:30,buy,1148.95,1149.09,1157.24,1149.09,0.050,sl,2.50
2016-02-04 21:15,2016-02-05 15:30,buy,1156.03,1156.21,1166.50,1156.21,0.050,sl,17.25
2016-02-05 17:45,2016-02-08 12:15,buy,1153.68,1154.04,1174.95,1174.95,3.000,tp,17.50
2016-02-08 15:30,2016-02-08 20:45,buy,1182.15,1182.45,1200.01,1200.01,3.000,tp,5.25
2016-02-09 17:30,2016-02-09 22:00,buy,1195.43,1189.50,1213.24,1189.50,-1.000,sl,4.50
2016-02-10 17:45,2016-02-11 02:45,buy,1192.19,1192.56,1214.19,1214.19,3.000,tp,8.00
2016-02-11 15:00,2016-02-12 02:00,buy,1238.06,1238.54,1267.05,1238.54,0.050,sl,10.00
2016-02-12 15:00,2016-02-12 15:30,buy,1240.13,1235.31,1254.57,1235.31,-1.000,sl,0.50
2016-02-12 22:00,2016-02-15 01:00,buy,1238.50,1235.19,1248.42,1235.19,-1.000,sl,2.00
2016-02-18 19:00,2016-02-18 20:45,buy,1221.70,1221.94,1236.22,1236.22,3.000,tp,1.75
2016-02-19 15:45,2016-02-22 03:30,buy,1230.05,1223.43,1249.89,1223.43,-1.000,sl,10.75
2016-02-23 17:00,2016-02-24 09:00,buy,1223.50,1223.81,1242.33,1223.81,0.050,sl,15.00
2016-02-24 15:15,2016-02-24 19:45,buy,1238.79,1239.06,1255.25,1239.06,0.050,sl,4.50
2016-02-25 15:00,2016-02-25 16:00,buy,1237.38,1232.17,1253.00,1232.17,-1.000,sl,1.00
2016-02-25 21:45,2016-02-26 10:30,buy,1238.38,1231.99,1257.53,1231.99,-1.000,sl,11.75
2016-02-29 23:45,2016-03-01 10:15,buy,1238.38,1238.56,1249.23,1238.56,0.050,sl,9.50
2016-03-01 15:00,2016-03-01 15:30,buy,1246.97,1243.51,1257.36,1243.51,-1.000,sl,0.50
2016-03-03 16:00,2016-03-03 17:15,buy,1242.78,1242.96,1253.42,1253.42,3.000,tp,1.25
2016-03-03 22:00,2016-03-03 23:00,buy,1261.49,1261.67,1272.22,1261.67,0.050,sl,1.00
2016-03-04 16:30,2016-03-04 17:45,buy,1275.09,1266.12,1302.00,1266.12,-1.000,sl,1.25
2016-03-07 16:45,2016-03-07 19:30,buy,1268.80,1264.37,1282.09,1264.37,-1.000,sl,2.75
2016-03-11 15:45,2016-03-11 16:45,buy,1268.48,1263.19,1284.33,1263.19,-1.000,sl,1.00
2016-04-08 23:45,2016-04-11 04:15,buy,1240.57,1240.69,1247.96,1247.96,3.000,tp,3.50
2016-04-11 15:15,2016-04-12 16:15,buy,1252.25,1252.44,1263.56,1258.02,1.531,time,24.00
2016-04-20 21:00,2016-04-20 22:00,buy,1252.63,1249.05,1263.37,1249.05,-1.000,sl,1.00
2016-04-21 15:00,2016-04-21 16:15,buy,1266.97,1262.94,1279.04,1262.94,-1.000,sl,1.25
2016-04-28 17:00,2016-04-28 22:45,buy,1256.75,1256.95,1268.79,1268.79,3.000,tp,5.75
2016-04-29 15:30,2016-04-29 18:00,buy,1278.03,1278.27,1292.15,1292.15,3.000,tp,2.50
2016-05-02 15:00,2016-05-02 15:30,buy,1302.48,1298.38,1314.77,1298.38,-1.000,sl,0.50
2016-05-06 16:45,2016-05-09 08:30,buy,1289.37,1281.50,1312.99,1281.50,-1.000,sl,14.75
2016-06-30 16:30,2016-06-30 17:15,buy,1319.96,1316.01,1331.82,1316.01,-1.000,sl,0.75
2016-06-30 22:45,2016-07-01 02:15,buy,1324.01,1320.55,1334.41,1320.55,-1.000,sl,2.50
2016-07-01 15:45,2016-07-01 17:15,buy,1334.98,1335.19,1347.41,1335.19,0.050,sl,1.50
2016-07-01 21:45,2016-07-04 04:15,buy,1337.70,1337.85,1346.43,1346.43,3.000,tp,5.50
2016-07-04 16:30,2016-07-05 01:15,buy,1351.86,1347.85,1363.91,1347.85,-1.000,sl,3.75
2016-07-05 15:45,2016-07-05 17:30,buy,1349.15,1345.37,1360.51,1345.37,-1.000,sl,1.75
2016-07-05 23:00,2016-07-06 04:00,buy,1356.36,1356.55,1367.26,1367.26,3.000,tp,4.00
2016-07-06 15:45,2016-07-06 16:15,buy,1370.88,1366.08,1385.27,1366.08,-1.000,sl,0.50
2016-07-29 15:45,2016-07-29 16:30,buy,1345.56,1341.79,1356.90,1341.79,-1.000,sl,0.75
2016-08-01 16:45,2016-08-02 04:15,buy,1348.88,1349.02,1357.27,1349.02,0.050,sl,10.50
2016-08-02 15:00,2016-08-03 16:00,buy,1360.59,1360.71,1368.29,1360.71,0.050,sl,24.00
2016-08-04 19:30,2016-08-05 02:30,buy,1362.70,1359.70,1371.70,1359.70,-1.000,sl,6.00
2016-08-18 16:30,2016-08-18 17:30,buy,1352.00,1348.10,1363.70,1348.10,-1.000,sl,1.00
2016-08-18 22:30,2016-08-19 02:15,buy,1353.27,1351.13,1359.69,1351.13,-1.000,sl,2.75
2016-10-10 19:30,2016-10-11 18:15,sell,1258.40,1258.20,1246.50,1258.20,0.050,sl,21.75
2016-10-11 19:45,2016-10-12 02:00,sell,1255.89,1255.72,1245.60,1255.72,0.050,sl,5.25
2016-10-12 15:00,2016-10-12 16:00,sell,1252.06,1254.23,1245.56,1254.23,-1.000,sl,1.00
2016-10-14 15:00,2016-10-14 15:45,sell,1252.78,1252.66,1245.35,1252.66,0.050,sl,0.75
2016-10-14 21:45,2016-10-17 16:00,sell,1252.56,1256.33,1241.27,1256.33,-1.000,sl,17.25
2016-11-16 15:00,2016-11-16 15:30,sell,1224.71,1228.15,1214.41,1228.15,-1.000,sl,0.50
2016-11-16 22:30,2016-11-17 09:45,sell,1225.24,1228.17,1216.46,1228.17,-1.000,sl,10.25
2016-11-17 19:15,2016-11-17 21:00,sell,1225.39,1225.17,1212.12,1212.12,3.000,tp,1.75
2016-11-18 17:00,2016-11-21 09:30,sell,1209.67,1215.63,1191.80,1215.63,-1.000,sl,15.50
2016-11-21 19:45,2016-11-22 01:45,sell,1212.03,1215.64,1201.23,1215.64,-1.000,sl,5.00
2016-11-22 20:15,2016-11-23 15:30,sell,1211.59,1211.39,1199.53,1199.53,3.000,tp,18.25
2016-11-23 15:30,2016-11-24 16:30,sell,1194.39,1194.11,1177.71,1187.07,1.316,time,24.00
2016-11-24 17:45,2016-11-25 01:15,sell,1185.77,1185.64,1178.09,1185.64,0.050,sl,2.50
2016-11-25 18:30,2016-11-28 01:00,sell,1180.79,1185.84,1165.61,1185.84,-1.000,sl,2.25
2016-11-28 15:45,2016-11-28 17:15,sell,1186.91,1190.98,1174.70,1190.98,-1.000,sl,1.50
2016-11-29 15:15,2016-11-29 16:30,sell,1183.14,1186.12,1174.19,1186.12,-1.000,sl,1.25
2016-11-30 16:00,2016-12-01 03:15,sell,1180.75,1180.50,1165.95,1165.95,3.000,tp,10.25
2016-12-01 16:00,2016-12-01 17:45,sell,1167.91,1167.73,1157.44,1167.73,0.050,sl,1.75
2016-12-02 15:15,2016-12-02 15:30,sell,1170.08,1173.38,1160.16,1173.38,-1.000,sl,0.25
2016-12-05 15:15,2016-12-05 18:30,sell,1166.64,1166.45,1155.49,1166.45,0.050,sl,3.25
2016-12-05 23:30,2016-12-06 03:00,sell,1169.55,1173.22,1158.52,1173.22,-1.000,sl,2.50
2016-12-06 18:45,2016-12-07 10:15,sell,1169.63,1169.43,1157.78,1169.43,0.050,sl,14.50
2016-12-08 22:30,2016-12-09 03:45,sell,1170.14,1170.06,1165.23,1165.23,3.000,tp,4.25
2016-12-09 16:45,2016-12-12 17:45,sell,1163.84,1163.57,1148.02,1159.57,0.810,time,24.00
2016-12-13 16:45,2016-12-13 18:00,sell,1158.30,1158.11,1147.21,1158.11,0.050,sl,1.25
2016-12-14 21:45,2016-12-15 12:30,sell,1149.32,1149.02,1131.43,1131.43,3.000,tp,13.75
2016-12-15 17:00,2016-12-16 07:45,sell,1127.13,1132.70,1110.43,1132.70,-1.000,sl,13.75
2016-12-16 16:00,2016-12-16 18:15,sell,1133.08,1132.97,1126.28,1132.97,0.050,sl,2.25
2016-12-20 16:00,2016-12-20 18:45,sell,1128.52,1131.60,1119.27,1131.60,-1.000,sl,2.75
2016-12-21 17:45,2016-12-22 16:30,sell,1130.95,1130.81,1122.34,1130.81,0.050,sl,21.75
2016-12-22 19:00,2016-12-23 08:00,sell,1128.68,1131.87,1119.11,1131.87,-1.000,sl,12.00
2016-12-23 15:45,2016-12-23 16:15,sell,1130.06,1131.64,1125.33,1131.64,-1.000,sl,0.50
2017-02-16 20:00,2017-02-17 17:15,buy,1239.16,1239.31,1248.50,1239.31,0.050,sl,20.25
2017-02-20 15:00,2017-02-21 01:15,buy,1237.54,1236.08,1241.91,1236.08,-1.000,sl,5.25
2017-02-22 22:30,2017-02-23 15:45,buy,1238.34,1238.50,1248.07,1248.07,3.000,tp,16.25
2017-02-23 15:45,2017-02-24 15:00,buy,1248.50,1248.66,1258.38,1258.38,3.000,tp,22.25
2017-02-24 17:15,2017-02-27 18:15,buy,1256.59,1256.77,1267.26,1262.69,1.715,time,24.00
2017-02-27 18:15,2017-02-27 20:15,buy,1262.77,1258.81,1274.65,1258.81,-1.000,sl,2.00
2017-02-28 16:15,2017-02-28 16:30,buy,1257.00,1254.29,1265.12,1254.29,-1.000,sl,0.25
2017-03-28 15:00,2017-03-28 16:30,buy,1256.56,1256.64,1261.24,1256.64,0.050,sl,1.50
2017-03-29 21:45,2017-03-30 03:45,buy,1253.50,1251.39,1259.82,1251.39,-1.000,sl,5.00
2017-04-03 20:30,2017-04-04 11:00,buy,1253.02,1253.13,1259.81,1259.81,3.000,tp,13.50
2017-04-04 20:30,2017-04-05 04:00,buy,1256.74,1254.61,1263.14,1254.61,-1.000,sl,6.50
2017-04-07 15:00,2017-04-07 15:30,buy,1264.00,1262.13,1269.59,1269.59,3.000,tp,0.50
2017-04-11 19:45,2017-04-12 20:45,buy,1271.25,1271.47,1284.50,1272.74,0.338,time,24.00
2017-04-12 21:15,2017-04-12 23:00,buy,1274.84,1275.00,1284.39,1284.39,3.000,tp,1.75
2017-04-13 15:45,2017-04-13 16:30,buy,1287.21,1284.99,1293.87,1284.99,-1.000,sl,0.75
2017-04-13 22:15,2017-04-17 01:15,buy,1286.96,1287.07,1293.71,1293.71,3.000,tp,2.00
2017-04-17 17:15,2017-04-17 18:15,buy,1289.83,1289.97,1298.30,1289.97,0.050,sl,1.00
2017-04-18 17:45,2017-04-19 09:00,buy,1288.03,1283.43,1301.83,1283.43,-1.000,sl,14.25
2017-04-21 18:45,2017-04-24 01:00,buy,1284.55,1280.50,1296.69,1280.50,-1.000,sl,5.25
2017-06-07 16:45,2017-06-07 18:45,buy,1291.86,1288.72,1301.30,1288.72,-1.000,sl,2.00
2017-07-11 16:45,2017-07-11 18:15,sell,1210.78,1210.69,1204.90,1210.69,0.050,sl,1.50
2017-08-17 19:45,2017-08-18 16:00,buy,1286.94,1287.16,1300.31,1300.31,3.000,tp,19.25
2017-08-18 16:00,2017-08-18 16:45,buy,1299.99,1297.35,1307.92,1297.35,-1.000,sl,0.75
2017-08-21 16:00,2017-08-21 18:30,buy,1289.41,1289.51,1295.58,1289.51,0.050,sl,2.50
2017-08-21 22:45,2017-08-22 03:00,buy,1291.69,1289.71,1297.65,1289.71,-1.000,sl,3.25
2017-08-23 18:00,2017-08-24 10:00,buy,1289.29,1286.55,1297.51,1286.55,-1.000,sl,15.00
2017-08-25 19:45,2017-08-28 20:45,buy,1292.71,1293.10,1316.23,1309.06,2.085,time,24.00
2017-08-28 21:15,2017-08-29 01:15,buy,1310.64,1310.78,1318.92,1318.92,3.000,tp,3.00
2017-08-29 15:00,2017-08-29 17:30,buy,1321.20,1317.52,1332.26,1317.52,-1.000,sl,2.50
2017-08-31 18:30,2017-09-01 16:45,buy,1317.41,1317.65,1331.48,1317.65,0.050,sl,21.25
2017-09-01 17:30,2017-09-04 10:00,buy,1321.92,1322.22,1339.72,1339.72,3.000,tp,15.50
2017-09-04 16:00,2017-09-04 17:00,buy,1335.46,1333.50,1341.36,1333.50,-1.000,sl,1.00
2017-09-05 17:00,2017-09-06 18:00,buy,1334.94,1335.15,1347.56,1340.67,1.362,time,24.00
2017-09-06 18:00,2017-09-06 19:30,buy,1340.75,1337.24,1351.30,1337.24,-1.000,sl,1.50
2017-09-07 15:00,2017-09-07 15:30,buy,1339.82,1337.93,1345.49,1345.49,3.000,tp,0.50
2017-09-07 22:00,2017-09-08 08:15,buy,1346.09,1346.27,1356.90,1356.90,3.000,tp,9.25
2017-12-13 15:15,2017-12-13 15:30,sell,1240.62,1241.96,1236.61,1241.96,-1.000,sl,0.25
2018-01-10 17:00,2018-01-11 18:00,buy,1319.97,1315.45,1333.54,1320.82,0.187,time,24.00
2018-01-11 18:15,2018-01-12 11:30,buy,1321.68,1321.86,1332.28,1332.28,3.000,tp,16.25
2018-01-12 17:30,2018-01-15 07:15,buy,1330.53,1330.75,1343.41,1343.41,3.000,tp,12.75
2018-01-15 15:00,2018-01-15 16:45,buy,1342.28,1340.20,1348.53,1340.20,-1.000,sl,1.75
2018-01-16 20:45,2018-01-17 04:45,buy,1338.76,1338.88,1346.04,1338.88,0.050,sl,7.00
2018-01-19 15:30,2018-01-19 16:30,buy,1334.90,1332.89,1340.95,1332.89,-1.000,sl,1.00
2018-01-19 21:30,2018-01-19 22:45,buy,1334.43,1332.80,1339.32,1332.80,-1.000,sl,1.25
2018-01-22 15:45,2018-01-22 16:30,buy,1333.93,1331.75,1340.48,1331.75,-1.000,sl,0.75
2018-01-22 22:30,2018-01-23 16:00,buy,1333.97,1334.06,1339.32,1334.06,0.050,sl,16.50
2018-01-23 18:30,2018-01-24 11:45,buy,1338.26,1338.45,1349.18,1349.18,3.000,tp,16.25
2018-01-24 19:30,2018-01-25 05:30,buy,1353.92,1354.08,1363.04,1363.04,3.000,tp,9.00
2018-01-25 15:00,2018-01-25 16:00,buy,1359.90,1357.59,1366.84,1357.59,-1.000,sl,1.00
2018-02-16 17:45,2018-02-16 19:00,buy,1355.57,1351.63,1367.40,1351.63,-1.000,sl,1.25
2018-06-04 21:00,2018-06-05 04:45,sell,1292.64,1292.55,1287.03,1292.55,0.050,sl,6.75
2018-06-18 20:15,2018-06-18 20:45,sell,1277.43,1279.43,1271.43,1279.43,-1.000,sl,0.50
2018-06-19 15:00,2018-06-19 15:15,sell,1270.29,1273.09,1261.89,1273.09,-1.000,sl,0.25
2018-06-19 21:45,2018-06-20 04:00,sell,1275.18,1275.08,1268.87,1275.08,0.050,sl,5.25
2018-06-20 18:15,2018-06-21 06:15,sell,1273.75,1273.62,1266.18,1266.18,3.000,tp,11.00
2018-06-21 15:00,2018-06-21 15:15,sell,1262.19,1264.62,1254.91,1264.62,-1.000,sl,0.25
2018-06-21 22:45,2018-06-22 04:00,sell,1267.24,1268.93,1262.18,1268.93,-1.000,sl,4.25
2018-06-25 15:45,2018-06-26 04:00,sell,1267.20,1267.08,1260.15,1267.08,0.050,sl,11.25
2018-06-26 15:00,2018-06-26 16:15,sell,1255.27,1257.36,1248.99,1257.36,-1.000,sl,1.25
2018-06-26 23:30,2018-06-27 04:00,sell,1258.03,1259.37,1254.01,1259.37,-1.000,sl,3.50
2018-06-27 16:30,2018-06-28 17:30,sell,1254.66,1254.50,1245.21,1251.46,1.016,time,24.00
2018-06-28 17:30,2018-06-29 07:30,sell,1251.38,1251.26,1244.13,1251.26,0.050,sl,13.00
2018-07-02 15:30,2018-07-02 15:45,sell,1248.87,1250.31,1244.56,1250.31,-1.000,sl,0.25
2018-07-02 21:45,2018-07-03 09:45,sell,1241.35,1241.24,1234.62,1241.24,0.050,sl,11.00
2018-07-11 16:15,2018-07-11 20:15,sell,1250.47,1250.34,1242.52,1242.52,3.000,tp,4.00
2018-07-11 22:15,2018-07-12 08:15,sell,1242.62,1244.87,1235.87,1244.87,-1.000,sl,9.00
2018-07-13 16:30,2018-07-16 04:30,sell,1240.38,1243.74,1230.32,1243.74,-1.000,sl,11.00
2018-07-16 16:00,2018-07-16 20:45,sell,1240.89,1240.79,1234.76,1240.79,0.050,sl,4.75
2018-07-17 15:30,2018-07-17 16:15,sell,1239.59,1239.50,1234.01,1234.01,3.000,tp,0.75
2018-07-18 17:00,2018-07-18 18:00,sell,1223.06,1225.42,1215.98,1225.42,-1.000,sl,1.00
2018-07-19 18:15,2018-07-19 20:00,sell,1216.55,1218.76,1209.95,1218.76,-1.000,sl,1.75
2018-07-23 23:00,2018-07-24 07:45,sell,1224.38,1224.30,1219.55,1219.55,3.000,tp,7.75
2018-07-24 18:45,2018-07-25 04:30,sell,1224.21,1227.26,1215.08,1227.26,-1.000,sl,8.75
2018-07-27 21:45,2018-07-30 13:00,sell,1222.81,1222.71,1216.68,1222.71,0.050,sl,14.25
2018-07-30 21:45,2018-07-31 04:30,sell,1222.31,1222.25,1218.35,1222.25,0.050,sl,5.75
2018-07-31 15:30,2018-07-31 16:15,sell,1219.38,1219.27,1212.70,1219.27,0.050,sl,0.75
2018-08-01 16:15,2018-08-01 21:00,sell,1220.82,1220.73,1215.17,1220.73,0.050,sl,4.75
2018-08-01 22:15,2018-08-02 04:15,sell,1217.20,1219.61,1209.97,1219.61,-1.000,sl,5.00
2018-08-02 16:15,2018-08-02 22:00,sell,1216.19,1216.07,1208.66,1208.66,3.000,tp,5.75
2018-08-06 16:30,2018-08-06 17:30,sell,1209.26,1211.39,1202.90,1211.39,-1.000,sl,1.00
2018-08-06 23:00,2018-08-07 01:00,sell,1206.99,1208.25,1203.24,1208.25,-1.000,sl,1.00
2018-08-07 20:45,2018-08-08 01:45,sell,1209.51,1211.17,1204.54,1211.17,-1.000,sl,4.00
2018-08-08 15:15,2018-08-08 16:00,sell,1209.27,1209.17,1202.88,1209.17,0.050,sl,0.75
2018-08-10 21:00,2018-08-13 02:00,sell,1211.37,1213.76,1204.21,1213.76,-1.000,sl,4.00
2018-08-13 16:45,2018-08-14 17:45,sell,1199.63,1199.43,1187.78,1197.87,0.445,time,24.00
2018-08-14 19:00,2018-08-15 05:45,sell,1195.68,1195.57,1189.52,1189.52,3.000,tp,9.75
2018-08-15 15:45,2018-08-15 18:30,sell,1185.10,1184.97,1177.47,1177.47,3.000,tp,2.75
2018-08-15 21:45,2018-08-16 03:15,sell,1176.68,1176.54,1168.68,1168.68,3.000,tp,4.50
2018-08-16 20:45,2018-08-17 03:30,sell,1175.37,1175.22,1166.40,1175.22,0.050,sl,5.75
2018-09-11 15:00,2018-09-11 18:15,sell,1192.80,1192.70,1187.18,1192.70,0.050,sl,3.25
2018-09-27 15:15,2018-09-27 16:00,sell,1191.66,1191.56,1186.21,1186.21,3.000,tp,0.75
2018-09-27 23:00,2018-09-28 11:00,sell,1183.40,1183.29,1177.32,1183.29,0.050,sl,11.00
2018-10-01 17:00,2018-10-01 19:30,sell,1186.10,1189.97,1174.47,1189.97,-1.000,sl,2.50
2018-12-12 19:45,2018-12-13 12:30,buy,1246.01,1243.82,1252.57,1243.82,-1.000,sl,15.75
2018-12-18 18:15,2018-12-19 11:45,buy,1248.43,1248.56,1256.49,1248.56,0.050,sl,16.50
2018-12-19 16:45,2018-12-19 19:15,buy,1255.74,1253.29,1263.08,1253.29,-1.000,sl,2.50
2018-12-21 15:15,2018-12-21 16:45,buy,1261.17,1258.39,1269.52,1258.39,-1.000,sl,1.50
2018-12-24 15:00,2018-12-26 06:00,buy,1263.09,1263.20,1269.88,1269.88,3.000,tp,5.50
2018-12-26 15:00,2018-12-26 19:00,buy,1275.30,1275.42,1282.25,1275.42,0.050,sl,4.00
2018-12-27 15:15,2018-12-27 17:00,buy,1275.07,1272.53,1282.68,1272.53,-1.000,sl,1.75
2018-12-28 18:30,2018-12-31 15:45,buy,1278.58,1278.72,1286.94,1278.72,0.050,sl,20.25
2018-12-31 18:00,2018-12-31 20:15,buy,1281.28,1278.42,1289.86,1278.42,-1.000,sl,2.25
2019-01-02 15:15,2019-01-02 15:30,buy,1286.80,1284.45,1293.85,1284.45,-1.000,sl,0.25
2019-01-02 23:45,2019-01-03 08:15,buy,1284.68,1284.79,1291.05,1291.05,3.000,tp,7.50
2019-01-03 15:30,2019-01-04 03:15,buy,1289.06,1289.21,1297.87,1297.87,3.000,tp,10.75
2019-01-07 15:00,2019-01-07 15:30,buy,1292.98,1293.07,1298.30,1293.07,0.050,sl,0.50
2019-01-15 16:45,2019-01-15 17:15,buy,1294.44,1291.67,1302.76,1291.67,-1.000,sl,0.50
2019-01-16 18:45,2019-01-16 21:15,buy,1294.71,1292.42,1301.60,1292.42,-1.000,sl,2.50
2019-01-29 15:00,2019-01-29 15:15,buy,1310.79,1308.65,1317.22,1308.65,-1.000,sl,0.25
2019-01-29 21:00,2019-01-30 15:00,buy,1311.59,1311.69,1317.54,1311.69,0.050,sl,17.00
2019-01-30 17:45,2019-01-30 20:30,buy,1312.21,1309.88,1319.22,1309.88,-1.000,sl,2.75
2019-01-31 15:30,2019-01-31 16:45,buy,1325.55,1323.39,1332.03,1323.39,-1.000,sl,1.25
2019-01-31 22:00,2019-01-31 22:45,buy,1321.39,1319.34,1327.56,1319.34,-1.000,sl,0.75
2019-02-01 15:00,2019-02-01 15:30,buy,1321.36,1319.89,1325.79,1319.89,-1.000,sl,0.50
2019-02-08 16:45,2019-02-11 05:00,buy,1314.31,1312.02,1321.19,1312.02,-1.000,sl,11.25
2019-02-13 17:00,2019-02-13 18:00,buy,1316.65,1313.22,1326.96,1313.22,-1.000,sl,1.00
2019-02-15 19:00,2019-02-18 01:00,buy,1317.05,1317.19,1325.25,1317.19,0.050,sl,5.00
2019-02-18 15:30,2019-02-18 17:00,buy,1326.94,1325.35,1331.73,1325.35,-1.000,sl,1.50
2019-02-19 15:00,2019-02-19 17:45,buy,1331.80,1331.91,1338.04,1338.04,3.000,tp,2.75
2019-02-20 15:00,2019-02-20 15:45,buy,1344.83,1342.85,1350.80,1342.85,-1.000,sl,0.75
2019-06-12 15:30,2019-06-12 15:45,buy,1335.37,1332.82,1343.02,1332.82,-1.000,sl,0.25
2019-06-13 16:45,2019-06-14 01:00,buy,1336.27,1336.40,1343.69,1343.69,3.000,tp,7.25
2019-06-14 15:00,2019-06-14 15:30,buy,1355.02,1352.62,1362.25,1352.62,-1.000,sl,0.50
2019-06-18 15:15,2019-06-18 16:30,buy,1352.13,1348.66,1362.57,1348.66,-1.000,sl,1.25
2019-06-19 19:15,2019-06-19 21:00,buy,1345.85,1343.21,1353.80,1353.80,3.000,tp,1.75
2019-06-20 15:15,2019-06-20 15:30,buy,1385.80,1382.05,1397.03,1382.05,-1.000,sl,0.25
2019-06-20 21:30,2019-06-20 23:30,buy,1391.97,1386.69,1407.80,1386.69,-1.000,sl,2.00
2019-06-21 15:45,2019-06-21 17:15,buy,1396.92,1389.93,1417.88,1389.93,-1.000,sl,1.50
2019-06-21 22:00,2019-06-24 01:30,buy,1398.56,1398.75,1409.87,1409.87,3.000,tp,2.50
2019-06-24 16:15,2019-06-24 21:45,buy,1407.32,1407.50,1418.25,1418.25,3.000,tp,5.50
2019-06-24 22:30,2019-06-25 03:00,buy,1418.53,1418.67,1427.27,1427.27,3.000,tp,3.50
2019-06-25 16:00,2019-06-25 17:30,buy,1428.79,1429.01,1442.30,1429.01,0.050,sl,1.50
2019-07-03 23:00,2019-07-04 01:15,buy,1418.71,1416.66,1424.84,1416.66,-1.000,sl,1.25
2019-07-04 18:30,2019-07-05 03:15,buy,1415.95,1416.09,1424.41,1416.09,0.050,sl,3.75
2019-07-15 22:45,2019-07-16 02:30,buy,1415.15,1415.27,1422.25,1415.27,0.050,sl,2.75
2019-07-16 15:15,2019-07-16 15:30,buy,1414.50,1412.32,1421.04,1412.32,-1.000,sl,0.25
2019-07-18 20:15,2019-07-18 22:00,buy,1426.88,1427.10,1440.22,1440.22,3.000,tp,1.75
2019-07-30 19:45,2019-07-31 04:00,buy,1429.00,1429.15,1438.01,1429.15,0.050,sl,7.25
2019-07-31 15:45,2019-07-31 16:30,buy,1432.12,1430.09,1438.20,1430.09,-1.000,sl,0.75
2019-08-05 18:30,2019-08-06 04:15,buy,1463.43,1463.84,1487.85,1463.84,0.050,sl,8.75
2019-08-06 15:00,2019-08-07 02:45,buy,1465.11,1465.30,1476.52,1476.52,3.000,tp,10.75
2019-08-07 15:00,2019-08-07 15:15,buy,1498.04,1493.85,1510.62,1493.85,-1.000,sl,0.25
2019-08-07 21:15,2019-08-07 22:30,buy,1506.23,1498.58,1529.19,1498.58,-1.000,sl,1.25
2019-08-08 21:00,2019-08-09 04:00,buy,1504.56,1499.22,1520.58,1499.22,-1.000,sl,6.00
2019-08-09 18:15,2019-08-09 19:45,buy,1505.64,1498.67,1526.57,1498.67,-1.000,sl,1.50
2019-08-12 16:30,2019-08-12 21:30,buy,1504.23,1499.17,1519.43,1519.43,3.000,tp,5.00
2019-08-12 23:15,2019-08-13 12:45,buy,1512.36,1512.66,1530.01,1530.01,3.000,tp,12.50
2019-08-14 17:30,2019-08-14 20:30,buy,1512.79,1513.24,1539.38,1513.24,0.050,sl,3.00
2019-08-14 23:45,2019-08-15 09:15,buy,1516.27,1516.61,1536.50,1516.61,0.050,sl,8.50
2019-08-15 18:45,2019-08-15 22:30,buy,1519.25,1519.59,1539.10,1519.59,0.050,sl,3.75
2019-08-26 16:45,2019-08-26 18:30,buy,1534.63,1529.11,1551.19,1529.11,-1.000,sl,1.75
2019-08-27 15:00,2019-08-27 15:15,buy,1531.85,1529.27,1539.58,1529.27,-1.000,sl,0.25
2019-08-27 21:00,2019-08-27 22:00,buy,1542.43,1537.42,1557.44,1537.42,-1.000,sl,1.00
2019-08-28 23:45,2019-08-29 01:00,buy,1541.11,1538.31,1549.48,1538.31,-1.000,sl,0.25
2019-08-29 15:45,2019-08-29 16:45,buy,1542.81,1538.09,1556.96,1538.09,-1.000,sl,1.00
2019-09-03 19:45,2019-09-04 09:00,buy,1545.97,1538.92,1567.10,1538.92,-1.000,sl,12.25
2019-09-04 15:45,2019-09-04 20:15,buy,1541.58,1541.76,1552.46,1552.46,3.000,tp,4.50
2019-09-24 15:00,2019-09-24 16:00,buy,1521.42,1519.17,1528.14,1519.17,-1.000,sl,1.00
2019-09-24 21:30,2019-09-25 17:30,buy,1531.58,1524.53,1552.70,1524.53,-1.000,sl,19.00
2019-11-29 15:00,2019-11-29 15:15,sell,1453.47,1455.02,1448.81,1455.02,-1.000,sl,0.25
2020-01-03 15:30,2020-01-03 21:30,buy,1546.34,1546.55,1559.17,1546.55,0.050,sl,6.00
2020-01-03 22:45,2020-01-06 01:00,buy,1549.12,1546.04,1558.34,1558.34,3.000,tp,1.25
2020-01-06 16:15,2020-01-06 17:15,buy,1576.25,1572.17,1588.48,1572.17,-1.000,sl,1.00
2020-01-07 15:00,2020-01-07 17:00,buy,1566.56,1566.73,1577.15,1566.73,0.050,sl,2.00
2020-01-07 21:30,2020-01-08 01:15,buy,1570.99,1571.14,1580.23,1580.23,3.000,tp,2.75
2020-01-16 22:45,2020-01-17 01:00,buy,1553.76,1551.96,1559.15,1551.96,-1.000,sl,1.25
2020-01-17 15:00,2020-01-17 15:15,buy,1560.54,1557.95,1568.29,1557.95,-1.000,sl,0.25
2020-01-20 17:45,2020-01-21 03:15,buy,1560.98,1559.29,1566.04,1566.04,3.000,tp,4.50
2020-01-24 15:45,2020-01-24 17:15,buy,1561.48,1561.61,1569.67,1569.67,3.000,tp,1.50
2020-01-27 16:15,2020-01-27 16:30,buy,1584.99,1580.76,1597.67,1580.76,-1.000,sl,0.25
2020-01-27 22:15,2020-01-28 08:15,buy,1581.33,1578.17,1590.80,1578.17,-1.000,sl,9.00
2020-01-30 17:30,2020-01-30 21:45,buy,1583.45,1577.59,1601.02,1577.59,-1.000,sl,4.25
2020-01-31 15:00,2020-01-31 15:30,buy,1581.16,1578.40,1589.43,1578.40,-1.000,sl,0.50
2020-01-31 21:15,2020-02-03 05:15,buy,1586.65,1581.04,1603.48,1581.04,-1.000,sl,7.00
2020-02-14 15:30,2020-02-14 16:00,buy,1580.00,1577.93,1586.21,1577.93,-1.000,sl,0.50
2020-02-14 23:00,2020-02-17 01:00,buy,1582.93,1583.01,1587.54,1583.01,0.050,sl,1.00
2020-02-17 16:00,2020-02-17 17:00,buy,1582.17,1580.83,1586.19,1580.83,-1.000,sl,1.00
2020-02-18 15:00,2020-02-18 16:30,buy,1588.07,1588.18,1594.45,1588.18,0.050,sl,1.50
2020-02-18 21:45,2020-02-19 04:00,buy,1601.56,1601.71,1610.54,1601.71,0.050,sl,5.25
2020-02-19 17:15,2020-02-20 03:00,buy,1607.00,1607.22,1620.03,1607.22,0.050,sl,8.75
2020-02-20 15:15,2020-02-20 16:15,buy,1617.72,1614.38,1627.74,1614.38,-1.000,sl,1.00
2020-02-20 21:15,2020-02-21 09:15,buy,1619.94,1620.16,1633.06,1633.06,3.000,tp,11.00
2020-02-21 15:00,2020-02-21 16:00,buy,1640.06,1640.24,1650.80,1640.24,0.050,sl,1.00
2020-02-21 22:00,2020-02-24 01:00,buy,1645.14,1641.19,1657.01,1657.01,3.000,tp,2.00
2020-02-24 16:00,2020-02-24 16:45,buy,1681.92,1674.38,1704.53,1674.38,-1.000,sl,0.75
2020-02-27 16:00,2020-02-27 17:45,buy,1652.45,1652.76,1670.89,1652.76,0.050,sl,1.75
2020-03-05 15:15,2020-03-05 16:45,buy,1654.69,1654.98,1671.81,1654.98,0.050,sl,1.50
2020-03-06 15:00,2020-03-06 15:15,buy,1688.53,1681.53,1709.50,1681.53,-1.000,sl,0.25
2020-03-06 21:00,2020-03-06 22:15,buy,1675.37,1676.01,1713.66,1676.01,0.050,sl,1.25
2020-03-09 21:00,2020-03-10 01:00,buy,1678.92,1669.57,1706.99,1669.57,-1.000,sl,2.00
2020-04-15 16:45,2020-04-15 18:45,buy,1724.44,1713.40,1757.56,1713.40,-1.000,sl,2.00
2020-04-15 22:45,2020-04-15 23:30,buy,1722.07,1714.27,1745.47,1714.27,-1.000,sl,0.75
2020-04-16 17:00,2020-04-16 19:15,buy,1731.74,1719.88,1767.31,1719.88,-1.000,sl,2.25
2020-04-23 16:30,2020-04-23 20:15,buy,1731.32,1722.01,1759.24,1722.01,-1.000,sl,3.75
2020-04-24 22:45,2020-04-27 01:00,buy,1728.61,1721.43,1750.15,1721.43,-1.000,sl,1.25
2020-05-14 16:30,2020-05-15 17:30,buy,1726.47,1726.82,1747.47,1739.39,1.846,time,24.00
2020-05-15 18:00,2020-05-18 16:00,buy,1744.18,1744.64,1771.74,1744.64,0.050,sl,21.00
2020-05-19 22:00,2020-05-20 05:30,buy,1746.55,1746.73,1757.20,1746.73,0.050,sl,6.50
2020-05-20 16:45,2020-05-21 04:00,buy,1749.93,1742.45,1772.37,1742.45,-1.000,sl,10.25
2020-06-02 15:00,2020-06-02 17:30,buy,1740.40,1740.61,1753.19,1740.61,0.050,sl,2.50
2020-06-12 15:15,2020-06-12 18:00,buy,1738.22,1733.01,1753.83,1733.01,-1.000,sl,2.75
2020-06-16 20:30,2020-06-17 11:15,buy,1729.60,1721.44,1754.07,1721.44,-1.000,sl,13.75
2020-06-22 15:15,2020-06-22 17:45,buy,1752.03,1752.27,1766.27,1752.27,0.050,sl,2.50
2020-06-22 22:00,2020-06-22 22:15,buy,1758.09,1753.60,1771.56,1753.60,-1.000,sl,0.25
2020-06-23 15:15,2020-06-24 03:15,buy,1759.55,1759.75,1771.58,1771.58,3.000,tp,11.00
2020-06-24 17:30,2020-06-24 19:00,buy,1772.63,1761.56,1805.85,1761.56,-1.000,sl,1.50
2020-06-26 22:00,2020-06-29 04:45,buy,1768.09,1768.31,1781.17,1768.31,0.050,sl,5.75
2020-06-29 17:30,2020-06-29 19:45,buy,1772.92,1767.59,1788.91,1767.59,-1.000,sl,2.25
2020-06-29 23:30,2020-06-30 03:45,buy,1772.89,1770.34,1780.56,1770.34,-1.000,sl,3.25
2020-06-30 16:45,2020-07-01 10:00,buy,1771.06,1771.32,1786.38,1786.38,3.000,tp,16.25
2020-07-06 15:00,2020-07-06 17:00,buy,1780.93,1781.11,1791.74,1781.11,0.050,sl,2.00
2020-07-06 21:00,2020-07-07 10:45,buy,1784.24,1781.17,1793.45,1781.17,-1.000,sl,12.75
2020-07-07 17:00,2020-07-08 16:15,buy,1793.31,1793.59,1810.06,1810.06,3.000,tp,22.25
2020-07-08 16:15,2020-07-08 17:45,buy,1812.04,1812.29,1826.78,1812.29,0.050,sl,1.50
2020-07-08 22:15,2020-07-09 03:30,buy,1810.19,1806.40,1821.57,1806.40,-1.000,sl,4.25
2020-07-09 15:30,2020-07-09 17:45,buy,1811.08,1805.42,1828.07,1805.42,-1.000,sl,2.25
2020-07-10 15:00,2020-07-10 15:45,buy,1807.42,1807.57,1816.28,1807.57,0.050,sl,0.75
2020-07-13 15:15,2020-07-13 16:45,buy,1809.26,1809.45,1820.27,1809.45,0.050,sl,1.50
2020-07-14 21:00,2020-07-15 07:00,buy,1810.09,1806.67,1820.36,1806.67,-1.000,sl,9.00
2020-07-15 18:30,2020-07-16 12:45,buy,1809.47,1803.65,1826.95,1803.65,-1.000,sl,17.25
2020-07-20 17:00,2020-07-21 15:00,buy,1816.39,1816.63,1830.31,1830.31,3.000,tp,21.00
2020-07-21 15:00,2020-07-22 02:00,buy,1833.64,1833.83,1844.92,1844.92,3.000,tp,10.00
2020-07-22 16:45,2020-07-23 11:00,buy,1856.16,1856.55,1879.76,1879.76,3.000,tp,17.25
2020-07-23 16:45,2020-07-23 21:00,buy,1881.24,1881.70,1908.89,1881.70,0.050,sl,4.25
2020-07-24 15:45,2020-07-27 03:00,buy,1896.93,1897.25,1915.98,1915.98,3.000,tp,10.25
2020-07-27 16:30,2020-07-28 04:00,buy,1940.69,1941.15,1968.47,1968.47,3.000,tp,10.50
2020-07-28 15:45,2020-07-29 16:45,buy,1939.33,1939.93,1975.19,1953.04,1.147,time,24.00
2020-07-29 17:30,2020-07-29 22:00,buy,1955.21,1955.73,1986.23,1955.73,0.050,sl,4.50
2020-07-29 23:45,2020-07-30 08:15,buy,1970.94,1957.87,2010.17,1957.87,-1.000,sl,7.50
2020-07-30 23:45,2020-07-31 06:30,buy,1957.66,1957.89,1971.25,1971.25,3.000,tp,5.75
2020-07-31 15:00,2020-07-31 16:00,buy,1977.18,1972.56,1991.05,1972.56,-1.000,sl,1.00
2020-07-31 21:00,2020-08-03 03:30,buy,1972.18,1972.59,1996.77,1972.59,0.050,sl,5.50
2020-08-03 17:45,2020-08-04 18:45,buy,1974.09,1974.48,1997.55,1995.06,2.681,time,24.00
2020-08-04 19:00,2020-08-05 01:15,buy,1998.09,1998.55,2025.57,2025.57,3.000,tp,5.25
2020-08-05 16:15,2020-08-05 19:00,buy,2039.39,2039.78,2063.21,2039.78,0.050,sl,2.75
2020-08-05 22:15,2020-08-06 11:00,buy,2042.43,2042.83,2066.80,2042.83,0.050,sl,11.75
2020-08-06 15:00,2020-08-06 15:30,buy,2060.04,2053.10,2080.86,2053.10,-1.000,sl,0.50
2020-08-06 21:30,2020-08-07 06:30,buy,2060.14,2060.52,2083.29,2060.52,0.050,sl,8.00
2020-09-01 15:30,2020-09-01 16:30,buy,1991.03,1985.61,2007.32,1985.61,-1.000,sl,1.00
2020-09-15 15:00,2020-09-15 15:45,buy,1970.43,1965.64,1984.82,1965.64,-1.000,sl,0.75
2020-09-16 15:00,2020-09-16 15:45,buy,1965.77,1965.99,1978.96,1965.99,0.050,sl,0.75
2020-11-30 16:30,2020-11-30 16:45,sell,1769.88,1777.57,1746.80,1777.57,-1.000,sl,0.25
2020-11-30 23:00,2020-12-01 02:00,sell,1775.69,1779.36,1764.68,1779.36,-1.000,sl,2.00
2021-02-18 23:45,2021-02-19 02:30,sell,1775.33,1775.20,1767.74,1767.74,3.000,tp,1.75
2021-02-26 16:00,2021-02-26 17:15,sell,1759.95,1759.53,1734.92,1734.92,3.000,tp,1.25
2021-03-01 15:15,2021-03-01 15:45,sell,1733.04,1739.76,1712.89,1739.76,-1.000,sl,0.50
2021-03-01 21:15,2021-03-02 02:30,sell,1720.85,1727.66,1700.43,1727.66,-1.000,sl,4.25
2021-03-02 17:30,2021-03-02 18:30,sell,1721.56,1730.11,1695.93,1730.11,-1.000,sl,1.00
2021-03-03 15:00,2021-03-03 17:45,sell,1714.30,1714.01,1696.49,1714.01,0.050,sl,2.75
2021-03-03 21:00,2021-03-04 07:30,sell,1717.25,1716.82,1691.53,1716.82,0.050,sl,9.50
2021-03-04 17:00,2021-03-04 17:30,sell,1711.89,1719.84,1688.05,1719.84,-1.000,sl,0.50
2021-03-04 23:45,2021-03-05 08:00,sell,1698.49,1698.11,1675.21,1698.11,0.050,sl,7.25
2021-03-05 16:45,2021-03-05 20:15,sell,1694.41,1704.78,1663.30,1704.78,-1.000,sl,3.50
2021-03-08 16:30,2021-03-09 08:30,sell,1692.10,1691.84,1676.53,1691.84,0.050,sl,15.00
2021-03-30 15:15,2021-03-31 08:45,sell,1683.75,1683.46,1666.09,1683.46,0.050,sl,16.50
2021-03-31 15:00,2021-03-31 15:30,sell,1684.44,1688.48,1672.32,1688.48,-1.000,sl,0.50
2021-05-17 16:15,2021-05-17 17:45,buy,1850.44,1850.66,1863.96,1863.96,3.000,tp,1.50
2021-05-18 15:00,2021-05-18 15:45,buy,1871.53,1871.69,1881.15,1871.69,0.050,sl,0.75
2021-05-18 21:15,2021-05-19 05:00,buy,1869.38,1866.41,1878.28,1866.41,-1.000,sl,6.75
2021-05-19 15:45,2021-05-19 16:00,buy,1872.59,1864.86,1895.77,1864.86,-1.000,sl,0.25
2021-05-20 16:45,2021-05-20 20:45,buy,1877.27,1877.55,1894.19,1877.55,0.050,sl,4.00
2021-05-20 22:45,2021-05-21 02:45,buy,1878.64,1874.70,1890.44,1874.70,-1.000,sl,3.00
2021-05-21 15:00,2021-05-21 16:45,buy,1880.46,1880.63,1890.85,1880.63,0.050,sl,1.75
2021-05-21 21:00,2021-05-24 11:30,buy,1878.20,1878.45,1893.59,1878.45,0.050,sl,13.50
2021-05-24 15:00,2021-05-24 16:00,buy,1882.78,1879.24,1893.38,1879.24,-1.000,sl,1.00
2021-05-24 22:45,2021-05-24 23:45,buy,1883.46,1881.67,1888.82,1881.67,-1.000,sl,1.00
2021-05-25 15:00,2021-05-25 16:00,buy,1884.00,1880.68,1893.94,1880.68,-1.000,sl,1.00
2021-05-25 21:00,2021-05-26 10:45,buy,1898.86,1899.04,1909.48,1909.48,3.000,tp,12.75
2021-05-26 15:15,2021-05-26 16:00,buy,1910.40,1905.97,1923.68,1905.97,-1.000,sl,0.75
2021-05-27 21:45,2021-05-28 04:45,buy,1897.86,1894.40,1908.23,1894.40,-1.000,sl,6.00
2021-05-28 21:30,2021-06-01 03:45,buy,1901.38,1901.57,1913.13,1908.13,1.723,time,24.00
2021-06-01 15:45,2021-06-01 16:45,buy,1910.32,1905.70,1924.17,1905.70,-1.000,sl,1.00
2021-06-02 22:30,2021-06-03 04:15,buy,1908.34,1906.33,1914.36,1906.33,-1.000,sl,4.75
2021-11-16 15:00,2021-11-16 15:15,buy,1876.88,1872.84,1889.00,1872.84,-1.000,sl,0.25
2021-11-17 18:00,2021-11-18 08:30,buy,1863.75,1864.05,1882.00,1864.05,0.050,sl,13.50
2021-11-18 15:30,2021-11-18 17:30,buy,1864.93,1858.43,1884.42,1858.43,-1.000,sl,2.00
2022-02-17 23:45,2022-02-18 03:00,buy,1898.37,1898.55,1908.95,1898.55,0.050,sl,2.25
2022-02-18 15:00,2022-02-18 17:30,buy,1896.41,1891.44,1911.31,1891.44,-1.000,sl,2.50
2022-02-18 21:15,2022-02-21 02:15,buy,1896.48,1896.67,1908.11,1908.11,3.000,tp,4.00
2022-02-21 18:00,2022-02-22 01:00,buy,1896.77,1896.99,1910.32,1910.32,3.000,tp,3.50
2022-02-22 16:00,2022-02-22 17:00,buy,1903.84,1897.62,1922.48,1897.62,-1.000,sl,1.00
2022-02-23 16:45,2022-02-24 05:00,buy,1906.27,1906.54,1922.59,1922.59,3.000,tp,11.25
2022-03-01 16:00,2022-03-01 22:45,buy,1918.05,1918.51,1945.51,1945.51,3.000,tp,6.75
2022-03-01 22:45,2022-03-02 02:30,buy,1945.58,1938.58,1966.59,1938.58,-1.000,sl,2.75
2022-03-03 19:30,2022-03-04 03:45,buy,1931.98,1932.38,1955.91,1932.38,0.050,sl,7.25
2022-03-04 16:00,2022-03-04 17:00,buy,1948.62,1948.96,1968.78,1948.96,0.050,sl,1.00
2022-03-04 22:15,2022-03-07 01:00,buy,1969.27,1963.22,1987.42,1987.42,3.000,tp,1.75
2022-03-07 16:45,2022-03-08 16:45,buy,1984.64,1985.50,2036.25,2036.25,3.000,tp,23.00
2022-03-08 16:45,2022-03-08 19:15,buy,2039.74,2040.51,2085.82,2040.51,0.050,sl,2.50
2022-03-08 22:45,2022-03-09 11:00,buy,2051.02,2030.77,2111.76,2030.77,-1.000,sl,11.25
2022-04-11 23:45,2022-04-12 03:30,buy,1954.93,1950.85,1967.17,1950.85,-1.000,sl,2.75
2022-04-12 15:00,2022-04-12 17:45,buy,1959.49,1959.75,1974.97,1974.97,3.000,tp,2.75
2022-04-12 22:00,2022-04-13 03:15,buy,1969.42,1963.40,1987.50,1963.40,-1.000,sl,4.25
2022-04-13 15:00,2022-04-13 15:15,buy,1980.48,1975.56,1995.24,1975.56,-1.000,sl,0.25
2022-04-13 22:45,2022-04-14 03:30,buy,1978.21,1974.11,1990.53,1974.11,-1.000,sl,3.75
2022-04-14 23:45,2022-04-18 02:30,buy,1973.31,1973.49,1983.75,1983.75,3.000,tp,1.75
2022-04-18 15:00,2022-04-18 15:45,buy,1993.81,1993.99,2004.19,1993.99,0.050,sl,0.75
2022-05-18 16:45,2022-05-18 18:15,sell,1810.36,1817.46,1789.06,1817.46,-1.000,sl,1.50
2022-06-15 18:30,2022-06-15 21:30,sell,1820.04,1828.05,1795.98,1828.05,-1.000,sl,3.00
2022-07-01 15:15,2022-07-01 16:00,sell,1786.24,1792.12,1768.59,1792.12,-1.000,sl,0.75
2022-07-05 16:00,2022-07-05 17:00,sell,1794.25,1793.94,1775.90,1775.90,3.000,tp,1.00
2022-07-06 15:15,2022-07-06 15:45,sell,1760.08,1765.22,1744.66,1765.22,-1.000,sl,0.50
2022-07-06 22:45,2022-07-07 06:00,sell,1739.32,1744.58,1723.54,1744.58,-1.000,sl,6.25
2022-07-07 15:15,2022-07-07 16:30,sell,1741.26,1746.02,1726.98,1746.02,-1.000,sl,1.25
2022-07-07 21:45,2022-07-08 03:15,sell,1739.74,1742.62,1731.11,1742.62,-1.000,sl,4.50
2022-07-08 15:30,2022-07-08 16:15,sell,1736.57,1742.85,1717.73,1742.85,-1.000,sl,0.75
2022-07-11 19:00,2022-07-12 04:30,sell,1736.91,1736.62,1719.62,1736.62,0.050,sl,8.50
2022-07-12 16:15,2022-07-13 12:00,sell,1729.37,1729.08,1711.90,1729.08,0.050,sl,18.75
2022-07-13 17:00,2022-07-13 17:30,sell,1723.09,1732.49,1694.90,1732.49,-1.000,sl,0.50
2022-07-14 18:15,2022-07-15 05:00,sell,1704.82,1715.29,1673.43,1715.29,-1.000,sl,9.75
2022-07-15 15:15,2022-07-15 15:30,sell,1704.38,1708.19,1692.97,1708.19,-1.000,sl,0.25
2022-07-15 22:30,2022-07-15 23:45,sell,1704.48,1706.62,1698.07,1706.62,-1.000,sl,1.25
2022-07-18 20:30,2022-07-19 08:30,sell,1711.01,1710.79,1697.60,1710.79,0.050,sl,11.00
2022-07-19 20:45,2022-07-20 12:30,sell,1710.84,1710.67,1700.60,1710.67,0.050,sl,14.75
2022-07-20 16:45,2022-07-20 23:00,sell,1709.40,1709.14,1693.32,1693.32,3.000,tp,6.25
2022-07-20 23:00,2022-07-21 12:00,sell,1695.06,1694.86,1682.64,1682.64,3.000,tp,12.00
2022-08-23 15:00,2022-08-23 15:45,sell,1735.97,1735.76,1723.27,1735.76,0.050,sl,0.75
2022-08-30 16:30,2022-08-31 11:15,sell,1730.28,1730.06,1716.88,1716.88,3.000,tp,17.75
2022-08-31 15:00,2022-08-31 16:45,sell,1712.72,1717.33,1698.89,1717.33,-1.000,sl,1.75
2022-08-31 21:15,2022-09-01 13:30,sell,1712.11,1711.92,1700.29,1700.29,3.000,tp,15.25
2022-09-01 15:00,2022-09-01 15:45,sell,1700.10,1699.88,1686.66,1699.88,0.050,sl,0.75
2022-09-01 21:00,2022-09-02 09:00,sell,1696.23,1701.80,1679.55,1701.80,-1.000,sl,11.00
2022-09-07 15:30,2022-09-07 16:45,sell,1700.03,1704.11,1687.80,1704.11,-1.000,sl,1.25
2022-09-14 19:45,2022-09-15 07:45,sell,1701.17,1700.96,1688.14,1688.14,3.000,tp,11.00
2022-09-15 16:00,2022-09-15 16:45,sell,1686.20,1685.92,1669.23,1685.92,0.050,sl,0.75
2022-09-15 22:15,2022-09-16 04:00,sell,1662.06,1666.82,1647.76,1666.82,-1.000,sl,4.75
2022-09-16 15:30,2022-09-16 17:00,sell,1662.25,1668.12,1644.62,1668.12,-1.000,sl,1.50
2022-09-19 16:15,2022-09-19 16:45,sell,1662.97,1667.85,1648.33,1667.85,-1.000,sl,0.50
2022-09-20 15:15,2022-09-20 16:45,sell,1666.02,1665.80,1653.25,1665.80,0.050,sl,1.50
2022-09-20 21:30,2022-09-21 09:00,sell,1663.88,1667.58,1652.76,1667.58,-1.000,sl,10.50
2022-09-21 19:30,2022-09-21 20:45,sell,1666.00,1670.16,1653.51,1670.16,-1.000,sl,1.25
2022-09-23 20:30,2022-09-26 04:00,sell,1643.93,1643.64,1626.73,1643.64,0.050,sl,6.50
2022-09-26 18:15,2022-09-27 10:00,sell,1638.66,1638.30,1616.94,1638.30,0.050,sl,14.75
2022-09-27 19:00,2022-09-28 13:15,sell,1630.76,1630.34,1605.88,1630.34,0.050,sl,17.25
2022-10-12 15:00,2022-10-12 15:45,sell,1667.87,1672.19,1654.90,1672.19,-1.000,sl,0.75
2022-10-13 16:15,2022-10-13 18:15,sell,1648.08,1659.25,1614.57,1659.25,-1.000,sl,2.00
2022-10-14 15:00,2022-10-14 15:45,sell,1654.47,1660.99,1634.90,1660.99,-1.000,sl,0.75
2022-10-14 21:00,2022-10-17 04:15,sell,1642.95,1649.15,1624.35,1649.15,-1.000,sl,6.25
2022-10-17 20:45,2022-10-18 04:00,sell,1652.74,1652.50,1638.82,1652.50,0.050,sl,6.25
2022-10-18 16:45,2022-10-18 19:30,sell,1651.93,1651.70,1638.14,1651.70,0.050,sl,2.75
2022-10-19 17:45,2022-10-20 08:00,sell,1633.91,1633.56,1613.11,1633.56,0.050,sl,13.25
2022-10-20 21:00,2022-10-21 15:45,sell,1628.54,1628.28,1613.08,1628.28,0.050,sl,17.75
2022-11-03 22:30,2022-11-04 02:00,sell,1629.20,1631.79,1621.43,1631.79,-1.000,sl,2.50
2022-11-30 15:15,2022-11-30 15:30,buy,1763.80,1759.73,1776.00,1759.73,-1.000,sl,0.25
2022-11-30 21:30,2022-12-01 15:30,buy,1764.95,1765.37,1790.40,1790.40,3.000,tp,17.00
2022-12-01 15:30,2022-12-01 16:45,buy,1789.13,1789.37,1803.48,1803.48,3.000,tp,1.25
2022-12-02 15:00,2022-12-02 15:15,buy,1799.85,1797.04,1808.28,1797.04,-1.000,sl,0.25
2022-12-02 21:30,2022-12-05 06:00,buy,1796.96,1797.17,1809.63,1809.63,3.000,tp,7.50
2022-12-08 15:00,2022-12-08 15:45,buy,1787.00,1787.18,1797.93,1787.18,0.050,sl,0.75
2022-12-08 21:30,2022-12-09 11:00,buy,1789.70,1789.88,1800.65,1789.88,0.050,sl,12.50
2022-12-09 16:30,2022-12-09 17:15,buy,1798.08,1790.74,1820.12,1790.74,-1.000,sl,0.75
2022-12-14 16:00,2022-12-14 21:00,buy,1809.78,1805.94,1821.31,1805.94,-1.000,sl,5.00
2022-12-21 15:00,2022-12-21 17:00,buy,1817.02,1817.17,1825.73,1817.17,0.050,sl,2.00
2022-12-29 16:30,2022-12-30 09:30,buy,1815.98,1816.24,1831.66,1816.24,0.050,sl,16.00
2022-12-30 15:30,2022-12-30 17:00,buy,1821.62,1817.58,1833.75,1817.58,-1.000,sl,1.50
2022-12-30 21:30,2023-01-03 04:30,buy,1822.29,1822.52,1835.83,1835.83,3.000,tp,6.00
2023-01-03 15:00,2023-01-03 17:15,buy,1837.27,1837.53,1852.62,1837.53,0.050,sl,2.25
2023-01-03 21:45,2023-01-04 09:15,buy,1839.18,1839.42,1853.15,1853.15,3.000,tp,10.50
2023-01-04 15:15,2023-01-04 17:00,buy,1859.29,1853.80,1875.76,1853.80,-1.000,sl,1.75
2023-01-04 22:15,2023-01-05 09:45,buy,1854.11,1848.39,1871.24,1848.39,-1.000,sl,10.50
2023-01-06 18:45,2023-01-09 19:45,buy,1863.49,1864.08,1899.10,1871.90,0.709,time,24.00
2023-01-09 21:30,2023-01-10 02:00,buy,1874.22,1869.14,1889.45,1869.14,-1.000,sl,3.50
2023-01-10 16:00,2023-01-10 18:45,buy,1876.67,1872.00,1890.66,1872.00,-1.000,sl,2.75
2023-01-10 22:15,2023-01-11 03:15,buy,1878.27,1874.94,1888.24,1874.94,-1.000,sl,4.00
2023-01-11 20:45,2023-01-12 15:30,buy,1877.94,1878.21,1894.39,1878.21,0.050,sl,17.75
2023-01-12 15:30,2023-01-12 16:00,buy,1892.03,1892.38,1913.07,1892.38,0.050,sl,0.50
2023-01-12 21:45,2023-01-13 07:30,buy,1897.90,1893.17,1912.08,1893.17,-1.000,sl,8.75
2023-01-13 16:00,2023-01-13 20:30,buy,1902.23,1902.52,1919.65,1919.65,3.000,tp,4.50
2023-01-16 16:45,2023-01-17 04:30,buy,1915.47,1911.49,1927.40,1911.49,-1.000,sl,8.25
2023-01-17 16:00,2023-01-17 17:15,buy,1916.08,1910.56,1932.65,1910.56,-1.000,sl,1.25
2023-01-19 16:00,2023-01-19 22:00,buy,1914.58,1914.87,1932.03,1932.03,3.000,tp,6.00
2023-01-20 18:00,2023-01-23 07:00,buy,1928.03,1928.36,1947.82,1928.36,0.050,sl,12.00
2023-01-23 22:00,2023-01-24 09:00,buy,1927.94,1928.15,1940.49,1940.49,3.000,tp,10.00
2023-01-24 17:45,2023-01-25 07:15,buy,1935.14,1926.92,1959.79,1926.92,-1.000,sl,12.50
2023-01-25 18:45,2023-01-26 11:15,buy,1936.90,1937.32,1961.81,1937.32,0.050,sl,15.50
2023-02-01 21:30,2023-02-02 16:30,buy,1938.89,1939.31,1963.92,1939.31,0.050,sl,18.00
2023-03-23 15:15,2023-03-23 20:00,buy,1978.83,1979.21,2001.41,2001.41,3.000,tp,4.75
2023-03-30 15:00,2023-03-30 15:30,buy,1969.84,1970.01,1979.59,1970.01,0.050,sl,0.50
2023-03-30 21:15,2023-03-31 10:30,buy,1981.71,1975.84,1999.35,1975.84,-1.000,sl,12.25
2023-03-31 15:30,2023-03-31 16:00,buy,1982.12,1976.82,1998.02,1976.82,-1.000,sl,0.50
2023-04-04 15:00,2023-04-04 17:00,buy,1984.36,1984.57,1996.76,1996.76,3.000,tp,2.00
2023-04-04 21:30,2023-04-05 16:45,buy,2021.13,2021.44,2039.72,2021.44,0.050,sl,18.25
2023-04-05 21:00,2023-04-06 04:00,buy,2021.83,2015.54,2040.67,2015.54,-1.000,sl,6.00
2023-04-12 20:45,2023-04-13 15:15,buy,2011.60,2011.90,2030.04,2030.04,3.000,tp,17.50
2023-04-13 15:45,2023-04-13 17:30,buy,2045.17,2039.08,2063.42,2039.08,-1.000,sl,1.75
2023-04-13 22:45,2023-04-14 08:30,buy,2040.62,2040.81,2052.15,2040.81,0.050,sl,8.75
2023-05-04 16:30,2023-05-05 10:30,buy,2041.02,2041.39,2063.25,2041.39,0.050,sl,17.00
2023-05-09 16:45,2023-05-09 17:15,buy,2030.45,2025.88,2044.14,2025.88,-1.000,sl,0.50
2023-05-10 16:45,2023-05-10 17:45,buy,2038.09,2028.54,2066.72,2028.54,-1.000,sl,1.00
2023-07-06 22:45,2023-07-07 08:00,sell,1910.06,1912.71,1902.12,1912.71,-1.000,sl,8.25
2023-08-18 19:30,2023-08-21 05:15,sell,1889.77,1889.55,1876.74,1889.55,0.050,sl,8.75
2023-08-21 16:45,2023-08-21 20:30,sell,1889.96,1895.00,1874.85,1895.00,-1.000,sl,3.75
2023-10-02 15:00,2023-10-03 02:15,sell,1836.80,1836.55,1822.30,1822.30,3.000,tp,10.25
2023-10-03 15:30,2023-10-03 16:30,sell,1825.01,1829.11,1812.70,1829.11,-1.000,sl,1.00
2023-10-03 22:00,2023-10-04 11:00,sell,1823.67,1823.45,1810.62,1823.45,0.050,sl,12.00
2023-10-04 16:45,2023-10-04 18:15,sell,1820.27,1826.15,1802.61,1826.15,-1.000,sl,1.50
2023-10-05 18:15,2023-10-06 05:15,sell,1816.02,1823.25,1794.31,1823.25,-1.000,sl,10.00
2023-11-03 17:00,2023-11-06 05:15,buy,1995.48,1985.18,2026.39,1985.18,-1.000,sl,10.25
2023-11-21 19:45,2023-11-21 21:00,buy,2001.58,1996.34,2017.27,1996.34,-1.000,sl,1.25
2023-11-22 16:30,2023-11-22 17:00,buy,2001.98,1997.57,2015.19,1997.57,-1.000,sl,0.50
2023-11-24 15:15,2023-11-24 17:30,buy,1998.03,1998.18,2006.58,1998.18,0.050,sl,2.25
2023-11-27 15:15,2023-11-27 15:30,buy,2014.65,2011.26,2024.80,2011.26,-1.000,sl,0.25
2023-11-27 22:00,2023-11-28 09:45,buy,2013.40,2013.54,2021.82,2013.54,0.050,sl,10.75
2023-11-28 15:15,2023-11-28 16:15,buy,2016.46,2016.60,2024.97,2024.97,3.000,tp,1.00
2023-11-29 15:15,2023-11-29 15:30,buy,2042.25,2039.02,2051.94,2039.02,-1.000,sl,0.25
2023-12-01 16:45,2023-12-01 18:45,buy,2042.54,2042.81,2058.91,2058.91,3.000,tp,2.00
2023-12-18 19:45,2023-12-18 20:15,buy,2033.54,2027.69,2051.08,2027.69,-1.000,sl,0.50
2023-12-19 15:00,2023-12-19 16:45,buy,2030.83,2031.00,2041.44,2041.44,3.000,tp,1.75
2023-12-19 22:45,2023-12-20 04:00,buy,2040.35,2037.33,2049.41,2037.33,-1.000,sl,4.25
2023-12-20 16:45,2023-12-20 17:15,buy,2038.29,2032.34,2056.14,2032.34,-1.000,sl,0.50
2023-12-21 15:30,2023-12-21 16:00,buy,2043.27,2037.65,2060.11,2037.65,-1.000,sl,0.50
2023-12-21 21:30,2023-12-22 13:15,buy,2044.77,2045.01,2059.14,2059.14,3.000,tp,14.75
2023-12-22 15:45,2023-12-22 17:45,buy,2067.26,2059.32,2091.06,2059.32,-1.000,sl,2.00
2023-12-26 21:45,2023-12-27 12:30,buy,2061.81,2061.96,2070.65,2061.96,0.050,sl,13.75
2023-12-27 17:00,2023-12-28 04:45,buy,2072.20,2072.47,2088.41,2088.41,3.000,tp,10.75
2023-12-28 16:45,2023-12-28 19:00,buy,2079.15,2072.97,2097.69,2072.97,-1.000,sl,2.25
2024-01-02 16:45,2024-01-02 17:30,buy,2070.42,2062.60,2093.88,2062.60,-1.000,sl,0.75
2024-03-06 15:45,2024-03-06 17:00,buy,2139.47,2139.77,2157.34,2139.77,0.050,sl,1.25
2024-03-06 21:45,2024-03-07 22:45,buy,2144.41,2144.83,2169.60,2158.51,1.679,time,24.00
2024-03-07 23:15,2024-03-08 02:45,buy,2159.55,2159.72,2169.68,2159.72,0.050,sl,2.50
2024-03-08 15:30,2024-03-08 15:45,buy,2180.86,2172.55,2205.79,2172.55,-1.000,sl,0.25
2024-03-08 21:30,2024-03-11 04:15,buy,2177.70,2178.25,2210.99,2178.25,0.050,sl,6.75
2024-03-11 15:30,2024-03-11 16:00,buy,2183.78,2178.23,2200.42,2178.23,-1.000,sl,0.50
2024-03-11 22:15,2024-03-12 05:00,buy,2182.12,2178.03,2194.36,2178.03,-1.000,sl,5.75
2024-03-20 20:45,2024-03-21 00:15,buy,2181.97,2182.46,2211.40,2211.40,3.000,tp,2.50
2024-03-26 15:00,2024-03-26 15:30,buy,2191.79,2184.73,2212.97,2184.73,-1.000,sl,0.50
2024-03-26 22:45,2024-03-27 03:30,buy,2178.77,2175.81,2187.62,2175.81,-1.000,sl,3.75
2024-03-27 15:30,2024-03-28 10:00,buy,2190.55,2190.92,2213.18,2190.92,0.050,sl,17.50
2024-03-28 16:30,2024-04-01 01:00,buy,2212.00,2212.55,2245.14,2245.14,3.000,tp,6.50
2024-04-01 15:30,2024-04-01 16:45,buy,2252.27,2245.06,2273.90,2245.06,-1.000,sl,1.25
2024-04-01 22:45,2024-04-02 07:45,buy,2244.79,2245.02,2258.43,2258.43,3.000,tp,8.00
2024-04-02 16:30,2024-04-02 17:45,buy,2262.11,2262.51,2286.19,2262.51,0.050,sl,1.25
2024-04-02 22:30,2024-04-03 04:00,buy,2276.51,2276.87,2297.85,2276.87,0.050,sl,4.50
2024-04-03 15:45,2024-04-03 17:30,buy,2275.06,2275.39,2294.83,2275.39,0.050,sl,1.75
2024-04-03 22:45,2024-04-04 04:15,buy,2297.57,2297.85,2314.29,2297.85,0.050,sl,4.50
2024-04-04 20:45,2024-04-04 22:00,buy,2294.12,2294.45,2313.86,2294.45,0.050,sl,1.25
2024-04-05 15:15,2024-04-05 15:30,buy,2295.42,2289.40,2313.48,2289.40,-1.000,sl,0.25
2024-04-05 23:15,2024-04-08 01:00,buy,2324.80,2319.34,2341.16,2319.34,-1.000,sl,0.75
2024-04-08 20:15,2024-04-09 11:30,buy,2332.28,2332.71,2358.51,2358.51,3.000,tp,14.25
2024-04-09 16:30,2024-04-09 17:30,buy,2354.69,2345.51,2382.21,2345.51,-1.000,sl,1.00
2024-04-09 22:30,2024-04-10 12:15,buy,2349.51,2349.82,2368.44,2349.82,0.050,sl,12.75
2024-04-11 19:45,2024-04-12 01:15,buy,2349.92,2350.38,2377.76,2377.76,3.000,tp,4.50
2024-04-12 16:30,2024-04-12 18:00,buy,2402.69,2403.13,2429.14,2429.14,3.000,tp,1.50
2024-04-15 22:45,2024-04-16 09:30,buy,2386.48,2373.83,2424.41,2373.83,-1.000,sl,9.75
2024-04-16 15:30,2024-04-16 16:45,buy,2376.39,2368.62,2399.70,2368.62,-1.000,sl,1.25
2024-04-16 21:30,2024-04-17 08:30,buy,2392.56,2378.35,2435.19,2378.35,-1.000,sl,10.00
2024-04-17 17:30,2024-04-17 18:15,buy,2394.19,2385.45,2420.40,2385.45,-1.000,sl,0.75
2024-04-18 15:00,2024-04-18 16:30,buy,2384.98,2385.25,2401.50,2385.25,0.050,sl,1.50
2024-04-18 22:00,2024-04-18 23:45,buy,2384.32,2377.08,2406.03,2377.08,-1.000,sl,1.75
2024-04-19 17:45,2024-04-22 04:15,buy,2391.28,2380.04,2425.01,2380.04,-1.000,sl,9.50
2024-05-14 19:30,2024-05-15 15:30,buy,2352.32,2352.74,2377.67,2377.67,3.000,tp,19.00
2024-05-15 15:30,2024-05-15 16:15,buy,2375.96,2368.50,2398.33,2368.50,-1.000,sl,0.75
2024-05-15 22:00,2024-05-16 05:00,buy,2386.97,2387.33,2408.86,2387.33,0.050,sl,6.00
2024-05-16 19:30,2024-05-17 05:45,buy,2383.63,2374.77,2410.19,2374.77,-1.000,sl,9.25
2024-05-17 15:30,2024-05-17 17:15,buy,2390.50,2390.76,2406.31,2406.31,3.000,tp,1.75
2024-05-20 18:00,2024-05-21 06:15,buy,2424.89,2410.32,2468.59,2410.32,-1.000,sl,11.25
2024-05-21 15:00,2024-05-21 16:30,buy,2424.96,2425.29,2444.40,2425.29,0.050,sl,1.50
2024-07-11 23:45,2024-07-12 01:15,buy,2415.45,2411.40,2427.61,2411.40,-1.000,sl,0.50
2024-07-12 17:00,2024-07-15 18:00,buy,2409.31,2409.77,2437.00,2433.35,2.604,time,24.00
2024-07-15 18:00,2024-07-15 20:00,buy,2433.50,2424.99,2459.04,2424.99,-1.000,sl,2.00
2024-07-16 16:15,2024-07-16 18:15,buy,2438.30,2438.69,2461.52,2461.52,3.000,tp,2.00
2024-07-16 22:30,2024-07-17 06:15,buy,2466.92,2467.21,2484.35,2467.21,0.050,sl,6.75
2024-07-17 15:15,2024-07-17 17:00,buy,2474.99,2475.34,2495.83,2475.34,0.050,sl,1.75
2024-07-18 16:45,2024-07-18 19:00,buy,2465.14,2458.07,2486.37,2458.07,-1.000,sl,2.25
2024-08-01 16:15,2024-08-01 17:15,buy,2453.54,2453.94,2477.27,2453.94,0.050,sl,1.00
2024-08-01 22:15,2024-08-02 04:00,buy,2443.28,2443.67,2466.54,2443.67,0.050,sl,4.75
2024-08-02 15:30,2024-08-02 16:00,buy,2470.95,2462.39,2496.64,2462.39,-1.000,sl,0.50
2024-08-16 15:00,2024-08-16 15:45,buy,2472.70,2467.01,2489.80,2489.80,3.000,tp,0.75
2024-08-16 21:30,2024-08-19 04:00,buy,2504.98,2497.73,2526.73,2497.73,-1.000,sl,5.50
2024-08-19 16:45,2024-08-20 11:45,buy,2494.85,2495.29,2521.68,2521.68,3.000,tp,18.00
2024-08-20 15:15,2024-08-20 16:30,buy,2526.71,2520.93,2544.04,2520.93,-1.000,sl,1.25
2024-08-20 22:30,2024-08-21 11:15,buy,2513.86,2507.66,2532.44,2507.66,-1.000,sl,11.75
2024-08-21 22:30,2024-08-22 04:30,buy,2514.76,2508.50,2533.52,2508.50,-1.000,sl,5.00
2024-08-23 20:00,2024-08-26 17:00,buy,2511.50,2512.25,2556.43,2512.25,0.050,sl,20.00
2024-08-26 19:45,2024-08-27 04:00,buy,2520.24,2512.51,2543.42,2512.51,-1.000,sl,7.25
2024-08-27 19:45,2024-08-28 05:30,buy,2514.48,2514.87,2538.16,2514.87,0.050,sl,8.75
2024-08-29 16:45,2024-08-30 03:30,buy,2516.87,2517.28,2541.90,2517.28,0.050,sl,9.75
2024-08-30 15:00,2024-08-30 16:00,buy,2521.35,2515.60,2538.59,2515.60,-1.000,sl,1.00
2024-09-12 15:30,2024-09-12 16:00,buy,2527.70,2528.03,2547.42,2528.03,0.050,sl,0.50
2024-09-13 15:15,2024-09-16 06:00,buy,2569.31,2569.59,2586.18,2586.18,3.000,tp,13.75
2024-09-16 15:45,2024-09-16 17:30,buy,2583.50,2577.30,2602.09,2577.30,-1.000,sl,1.75
2024-09-16 22:30,2024-09-17 04:15,buy,2581.78,2578.44,2591.80,2578.44,-1.000,sl,4.75
2024-09-18 15:45,2024-09-18 16:45,buy,2576.30,2571.04,2592.08,2571.04,-1.000,sl,1.00
2024-09-19 18:15,2024-09-20 15:15,buy,2584.69,2585.25,2617.93,2617.93,3.000,tp,20.00
2024-09-20 15:15,2024-09-20 16:00,buy,2617.52,2611.42,2635.84,2611.42,-1.000,sl,0.75
2024-09-20 21:45,2024-09-23 10:00,buy,2621.74,2622.10,2642.85,2622.10,0.050,sl,11.25
2024-09-23 15:30,2024-09-24 03:45,buy,2624.09,2624.36,2639.91,2624.36,0.050,sl,11.25
2024-09-24 15:45,2024-09-24 21:15,buy,2633.16,2633.54,2655.49,2655.49,3.000,tp,5.50
2024-09-25 15:00,2024-09-25 17:45,buy,2658.94,2659.19,2674.44,2659.19,0.050,sl,2.75
2024-09-25 22:00,2024-09-26 14:00,buy,2660.74,2661.01,2677.45,2677.45,3.000,tp,15.00
2024-09-26 18:15,2024-09-27 17:45,buy,2669.38,2653.91,2715.76,2653.91,-1.000,sl,22.50
2024-10-01 19:00,2024-10-02 08:15,buy,2664.79,2651.37,2705.05,2651.37,-1.000,sl,12.25
2024-10-02 22:00,2024-10-03 04:00,buy,2656.67,2656.90,2670.86,2656.90,0.050,sl,5.00
2024-10-15 18:15,2024-10-16 19:15,buy,2663.46,2663.97,2694.16,2668.07,0.451,time,24.00
2024-10-16 19:45,2024-10-17 06:45,buy,2674.35,2674.78,2700.55,2674.78,0.050,sl,10.00
2024-10-17 16:00,2024-10-18 04:30,buy,2682.48,2682.85,2704.83,2704.83,3.000,tp,11.50
2024-10-18 15:00,2024-10-18 16:00,buy,2712.19,2706.52,2729.20,2706.52,-1.000,sl,1.00
2024-10-18 21:00,2024-10-21 12:15,buy,2717.17,2717.49,2736.11,2736.11,3.000,tp,14.25
2024-10-21 15:15,2024-10-21 17:30,buy,2738.65,2732.34,2757.59,2732.34,-1.000,sl,2.25
2024-10-22 15:00,2024-10-22 17:00,buy,2735.47,2735.77,2753.28,2735.77,0.050,sl,2.00
2024-10-22 22:00,2024-10-23 04:30,buy,2746.30,2741.28,2761.35,2741.28,-1.000,sl,5.50
2024-10-24 16:15,2024-10-24 16:45,buy,2742.71,2737.15,2759.40,2737.15,-1.000,sl,0.50
2024-10-24 22:30,2024-10-25 04:45,buy,2735.48,2730.36,2750.85,2730.36,-1.000,sl,5.25
2024-10-25 20:45,2024-10-28 00:00,buy,2744.46,2738.05,2763.69,2738.05,-1.000,sl,3.25
2024-10-28 16:00,2024-10-29 15:45,buy,2743.57,2743.90,2762.99,2762.99,3.000,tp,22.75
2024-10-29 16:00,2024-10-30 17:00,buy,2766.17,2766.61,2792.38,2774.82,0.990,time,24.00
2024-10-30 17:30,2024-10-31 14:45,buy,2784.21,2772.58,2819.10,2772.58,-1.000,sl,20.25
2025-01-23 19:30,2025-01-24 17:15,buy,2758.75,2759.19,2785.08,2785.08,3.000,tp,20.75
2025-01-24 17:15,2025-01-24 17:45,buy,2785.10,2777.21,2808.80,2777.21,-1.000,sl,0.50
2025-01-29 15:45,2025-01-29 17:15,buy,2758.91,2754.08,2773.42,2754.08,-1.000,sl,1.50
2025-01-29 23:45,2025-01-30 15:30,buy,2759.85,2760.26,2784.15,2784.15,3.000,tp,14.75
2025-01-30 21:45,2025-01-31 08:15,buy,2793.57,2793.87,2811.42,2793.87,0.050,sl,9.50
2025-01-31 15:30,2025-01-31 18:00,buy,2807.32,2807.63,2826.17,2807.63,0.050,sl,2.50
2025-02-03 20:45,2025-02-04 01:30,buy,2821.21,2810.61,2852.99,2810.61,-1.000,sl,3.75
2025-02-04 15:00,2025-02-04 16:45,buy,2824.11,2824.39,2841.32,2841.32,3.000,tp,1.75
2025-02-05 16:30,2025-02-05 18:15,buy,2866.68,2867.05,2888.97,2867.05,0.050,sl,1.75
2025-02-05 23:45,2025-02-06 08:45,buy,2867.20,2860.86,2886.21,2860.86,-1.000,sl,8.00
2025-02-07 17:00,2025-02-07 18:15,buy,2879.08,2866.97,2915.41,2866.97,-1.000,sl,1.25
2025-02-10 16:15,2025-02-11 03:00,buy,2904.44,2904.87,2930.37,2930.37,3.000,tp,9.75
2025-02-11 17:45,2025-02-12 02:45,buy,2904.92,2890.87,2947.09,2890.87,-1.000,sl,8.00
2025-02-12 21:45,2025-02-13 07:15,buy,2898.15,2898.56,2922.67,2922.67,3.000,tp,8.50
2025-02-13 17:00,2025-02-14 15:30,buy,2918.98,2919.50,2949.84,2919.50,0.050,sl,21.50
2025-02-18 15:30,2025-02-19 03:45,buy,2920.05,2920.37,2939.19,2939.19,3.000,tp,11.25
2025-02-19 15:00,2025-02-19 15:45,buy,2940.35,2932.71,2963.29,2932.71,-1.000,sl,0.75
2025-02-19 21:45,2025-02-20 09:30,buy,2932.03,2932.39,2953.59,2953.59,3.000,tp,10.75
2025-02-20 19:30,2025-02-20 21:30,buy,2945.91,2935.51,2977.12,2935.51,-1.000,sl,2.00
2025-02-24 15:00,2025-02-24 16:15,buy,2950.67,2944.29,2969.82,2944.29,-1.000,sl,1.25
2025-02-24 21:00,2025-02-25 05:30,buy,2949.99,2944.31,2967.04,2944.31,-1.000,sl,7.50
2025-03-07 16:45,2025-03-07 17:30,buy,2926.86,2914.43,2964.17,2914.43,-1.000,sl,0.75
2025-03-12 15:45,2025-03-12 19:30,buy,2915.79,2916.19,2939.86,2939.86,3.000,tp,3.75
2025-03-12 22:30,2025-03-13 09:30,buy,2933.54,2933.79,2948.29,2933.79,0.050,sl,10.00
2025-03-13 15:30,2025-03-13 17:30,buy,2952.16,2952.58,2976.96,2976.96,3.000,tp,2.00
2025-03-14 15:15,2025-03-14 15:30,buy,2995.75,2985.39,3026.81,2985.39,-1.000,sl,0.25
2025-03-14 22:30,2025-03-17 02:00,buy,2988.30,2988.55,3003.28,2988.55,0.050,sl,2.50
2025-03-17 19:00,2025-03-18 10:00,buy,2997.32,2997.69,3019.52,3019.52,3.000,tp,14.00
2025-03-18 17:15,2025-03-19 10:00,buy,3031.60,3032.15,3064.91,3032.15,0.050,sl,15.75
2025-03-19 18:00,2025-03-20 12:00,buy,3034.73,3035.17,3061.29,3035.17,0.050,sl,17.00
2025-03-20 19:45,2025-03-21 04:30,buy,3041.92,3034.01,3065.66,3034.01,-1.000,sl,7.75
2025-03-27 16:00,2025-03-27 18:45,buy,3047.37,3047.92,3080.10,3047.92,0.050,sl,2.75
2025-03-28 15:45,2025-03-28 16:30,buy,3083.46,3073.73,3112.67,3073.73,-1.000,sl,0.75
2025-03-28 22:00,2025-03-31 03:15,buy,3083.25,3083.56,3101.51,3083.56,0.050,sl,3.25
2025-03-31 15:00,2025-03-31 16:30,buy,3122.89,3114.10,3149.25,3114.10,-1.000,sl,1.50
2025-03-31 21:00,2025-04-01 05:45,buy,3120.00,3120.42,3145.10,3145.10,3.000,tp,7.75
2025-04-01 15:15,2025-04-01 17:00,buy,3133.83,3125.97,3157.38,3125.97,-1.000,sl,1.75
2025-04-02 19:00,2025-04-02 21:15,buy,3130.12,3119.90,3160.76,3119.90,-1.000,sl,2.25
2025-04-11 15:45,2025-04-14 01:00,buy,3233.78,3214.93,3290.35,3214.93,-1.000,sl,8.25
2025-04-14 15:00,2025-04-14 15:15,buy,3226.50,3213.56,3265.33,3213.56,-1.000,sl,0.25
2025-04-15 19:00,2025-04-16 03:00,buy,3223.15,3223.72,3257.46,3257.46,3.000,tp,7.00
2025-04-16 15:30,2025-04-16 16:15,buy,3312.63,3300.12,3350.16,3300.12,-1.000,sl,0.75
2025-04-16 23:30,2025-04-17 04:30,buy,3339.37,3339.82,3366.68,3339.82,0.050,sl,4.00
2025-04-17 15:00,2025-04-17 15:30,buy,3336.50,3325.09,3370.72,3325.09,-1.000,sl,0.50
2025-04-17 22:45,2025-04-21 01:15,buy,3320.94,3321.41,3348.99,3348.99,3.000,tp,1.50
2025-04-21 15:45,2025-04-21 17:30,buy,3415.15,3415.76,3451.82,3415.76,0.050,sl,1.75
2025-04-21 22:00,2025-04-22 03:00,buy,3428.16,3428.70,3460.58,3428.70,0.050,sl,4.00
2025-04-29 19:45,2025-04-29 21:00,buy,3328.87,3313.31,3375.54,3313.31,-1.000,sl,1.25
2025-05-07 15:00,2025-05-07 17:15,buy,3393.46,3378.42,3438.59,3378.42,-1.000,sl,2.25
2025-05-07 21:00,2025-05-07 21:30,buy,3395.50,3384.99,3427.03,3384.99,-1.000,sl,0.50
2025-05-23 15:00,2025-05-23 16:15,buy,3350.28,3350.94,3389.69,3350.94,0.050,sl,1.25
2025-05-23 21:00,2025-05-26 01:00,buy,3365.42,3355.39,3395.52,3355.39,-1.000,sl,3.00
2025-05-26 21:15,2025-05-27 03:30,buy,3342.40,3342.59,3354.09,3342.59,0.050,sl,2.75
2025-06-03 15:30,2025-06-03 16:30,buy,3361.68,3352.82,3388.25,3352.82,-1.000,sl,1.00
2025-06-04 15:45,2025-06-05 13:00,buy,3359.04,3359.60,3392.70,3392.70,3.000,tp,20.25
2025-06-12 23:45,2025-06-13 01:15,buy,3386.87,3382.45,3400.14,3382.45,-1.000,sl,0.50
2025-06-13 15:00,2025-06-13 17:15,buy,3424.42,3424.98,3457.84,3424.98,0.050,sl,2.25
2025-06-13 21:00,2025-06-16 04:00,buy,3433.47,3434.07,3469.05,3434.07,0.050,sl,6.00
2025-09-02 15:00,2025-09-02 15:15,buy,3490.78,3481.59,3518.34,3481.59,-1.000,sl,0.25
2025-09-02 22:00,2025-09-03 02:30,buy,3536.13,3526.76,3564.23,3526.76,-1.000,sl,3.50
2025-09-03 15:45,2025-09-03 16:30,buy,3550.62,3551.10,3579.36,3551.10,0.050,sl,0.75
2025-09-04 16:15,2025-09-04 17:00,buy,3552.85,3540.37,3590.30,3540.37,-1.000,sl,0.75
2025-09-04 22:15,2025-09-05 01:00,buy,3549.47,3542.50,3570.37,3542.50,-1.000,sl,1.75
2025-09-05 15:15,2025-09-05 15:30,buy,3554.84,3547.39,3577.21,3577.21,3.000,tp,0.25
2025-09-08 21:30,2025-09-09 16:15,buy,3635.01,3635.41,3659.44,3659.44,3.000,tp,17.75
2025-09-09 16:15,2025-09-09 17:00,buy,3660.75,3650.82,3690.53,3650.82,-1.000,sl,0.75
2025-09-10 15:30,2025-09-10 15:45,buy,3650.88,3641.98,3677.59,3641.98,-1.000,sl,0.25
2025-09-12 16:00,2025-09-12 23:30,buy,3649.46,3641.47,3673.43,3641.47,-1.000,sl,7.50
2025-10-15 19:15,2025-10-16 17:00,buy,4197.27,4198.39,4264.45,4264.45,3.000,tp,20.75
2025-10-16 17:00,2025-10-16 19:30,buy,4265.43,4266.48,4328.74,4266.48,0.050,sl,2.50
2025-10-16 23:00,2025-10-17 04:30,buy,4316.88,4317.98,4383.17,4317.98,0.050,sl,4.50
2025-10-20 15:00,2025-10-20 17:15,buy,4281.03,4281.87,4331.34,4331.34,3.000,tp,2.25
2025-11-11 15:15,2025-11-11 16:15,buy,4141.64,4131.41,4172.33,4131.41,-1.000,sl,1.00
2025-11-11 21:45,2025-11-12 04:30,buy,4123.21,4123.75,4155.84,4123.75,0.050,sl,5.75
2025-11-12 16:00,2025-11-12 17:30,buy,4135.09,4135.77,4176.12,4176.12,3.000,tp,1.50
2025-11-26 15:15,2025-11-26 15:45,buy,4165.26,4151.14,4207.62,4151.14,-1.000,sl,0.50
2025-11-27 20:45,2025-11-28 02:30,buy,4159.39,4159.67,4175.96,4175.96,3.000,tp,2.25
2025-11-28 15:45,2025-11-28 20:30,buy,4182.78,4183.49,4225.47,4225.47,3.000,tp,4.75
2025-12-01 15:00,2025-12-01 16:00,buy,4254.50,4239.63,4299.09,4239.63,-1.000,sl,1.00
2025-12-01 22:00,2025-12-02 02:15,buy,4238.46,4222.17,4287.36,4222.17,-1.000,sl,3.25
2025-12-03 15:45,2025-12-03 16:00,buy,4237.23,4223.70,4277.84,4223.70,-1.000,sl,0.25
2025-12-05 16:45,2025-12-05 17:45,buy,4241.73,4242.42,4283.59,4242.42,0.050,sl,1.00
2025-12-11 15:45,2025-12-11 17:45,buy,4221.19,4221.80,4257.39,4257.39,3.000,tp,2.00
2025-12-11 22:30,2025-12-12 11:15,buy,4273.71,4274.44,4317.43,4317.43,3.000,tp,11.75
2025-12-12 15:30,2025-12-12 17:15,buy,4340.11,4324.36,4387.35,4324.36,-1.000,sl,1.75
2025-12-12 22:00,2025-12-15 18:00,buy,4300.08,4301.01,4355.83,4301.01,0.050,sl,19.00
2025-12-16 20:45,2025-12-17 10:00,buy,4311.47,4312.37,4365.52,4312.37,0.050,sl,12.25
2025-12-17 15:00,2025-12-17 16:15,buy,4323.46,4324.03,4357.45,4324.03,0.050,sl,1.25
2025-12-17 21:00,2025-12-18 11:45,buy,4337.42,4320.69,4387.63,4320.69,-1.000,sl,13.75
2025-12-18 18:00,2025-12-18 19:00,buy,4362.72,4337.03,4439.80,4337.03,-1.000,sl,1.00
2025-12-19 17:00,2025-12-22 04:45,buy,4341.87,4342.63,4387.45,4387.45,3.000,tp,10.75
2025-12-22 15:00,2025-12-22 15:15,buy,4425.89,4416.34,4454.52,4416.34,-1.000,sl,0.25
2025-12-22 22:00,2025-12-23 02:30,buy,4438.82,4439.33,4469.56,4469.56,3.000,tp,3.50
2025-12-23 15:00,2025-12-23 15:30,buy,4494.70,4485.04,4523.68,4485.04,-1.000,sl,0.50
2025-12-23 21:00,2025-12-24 04:45,buy,4493.98,4494.80,4542.96,4494.80,0.050,sl,6.75
2025-12-26 15:00,2025-12-26 15:45,buy,4514.74,4515.38,4552.88,4515.38,0.050,sl,0.75
2025-12-26 21:00,2025-12-29 02:15,buy,4533.96,4512.97,4596.93,4512.97,-1.000,sl,4.25
2026-01-08 23:00,2026-01-09 02:15,buy,4478.14,4464.41,4519.32,4464.41,-1.000,sl,2.25
2026-01-09 15:30,2026-01-09 19:45,buy,4487.34,4488.19,4538.04,4488.19,0.050,sl,4.25
2026-01-09 22:00,2026-01-12 02:15,buy,4507.08,4507.91,4557.07,4557.07,3.000,tp,3.25
2026-01-12 15:00,2026-01-12 16:15,buy,4606.75,4590.79,4654.64,4590.79,-1.000,sl,1.25
2026-01-12 21:00,2026-01-12 22:30,buy,4614.03,4596.90,4665.41,4596.90,-1.000,sl,1.50
2026-01-22 18:45,2026-01-23 19:45,buy,4878.25,4880.89,5036.31,4966.04,1.666,time,24.00
2026-01-23 21:00,2026-01-26 02:30,buy,4974.32,4975.56,5048.69,5048.69,3.000,tp,4.50
2026-01-26 16:45,2026-01-26 18:15,buy,5096.74,5071.34,5172.93,5071.34,-1.000,sl,1.50
2026-01-27 16:30,2026-01-27 16:45,buy,5079.61,5051.98,5162.48,5051.98,-1.000,sl,0.25
2026-01-27 22:45,2026-01-28 08:45,buy,5176.93,5178.44,5267.22,5267.22,3.000,tp,9.00
2026-01-28 16:30,2026-01-28 17:00,buy,5279.52,5247.63,5375.19,5247.63,-1.000,sl,0.50
2026-01-28 22:30,2026-01-29 01:30,buy,5383.75,5386.24,5533.43,5533.43,3.000,tp,2.00
2026-01-29 15:30,2026-01-29 17:00,buy,5526.51,5487.29,5644.16,5487.29,-1.000,sl,1.50
