date,equity,return_pct
2015-01-02,1.000000,0.0000
2015-01-05,1.000000,0.0000
2015-01-06,1.000000,0.0000
2015-01-07,1.000000,0.0000
2015-01-08,1.000000,0.0000
2015-01-09,1.000000,0.0000
2015-01-12,1.000000,0.0000
2015-01-13,1.000000,0.0000
2015-01-14,1.000000,0.0000
2015-01-15,1.000000,0.0000
2015-01-16,1.000000,0.0000
2015-01-19,1.000000,0.0000
2015-01-21,1.000000,0.0000
2015-01-22,1.000000,0.0000
2015-01-23,1.000000,0.0000
2015-01-26,1.000000,0.0000
2015-01-27,1.000000,0.0000
2015-01-28,1.000000,0.0000
2015-01-29,1.000000,0.0000
2015-01-30,1.000000,0.0000
2015-02-02,1.000000,0.0000
2015-02-03,1.000000,0.0000
2015-02-04,1.000000,0.0000
2015-02-05,1.000000,0.0000
2015-02-06,1.000000,0.0000
2015-02-09,1.000000,0.0000
2015-02-10,1.000000,0.0000
2015-02-11,1.000000,0.0000
2015-02-12,1.000000,0.0000
2015-02-13,1.000000,0.0000
2015-02-16,1.000000,0.0000
2015-02-17,1.000000,0.0000
2015-02-18,1.000000,0.0000
2015-02-19,1.000000,0.0000
2015-02-20,1.000000,0.0000
2015-02-23,1.000000,0.0000
2015-02-24,1.000000,0.0000
2015-02-25,1.000000,0.0000
2015-02-26,1.000000,0.0000
2015-02-27,1.000000,0.0000
2015-03-02,1.000000,0.0000
2015-03-03,1.000000,0.0000
2015-03-04,1.000000,0.0000
2015-03-05,1.000000,0.0000
2015-03-06,1.000000,0.0000
2015-03-09,1.000000,0.0000
2015-03-10,1.000000,0.0000
2015-03-11,1.000000,0.0000
2015-03-12,1.000000,0.0000
2015-03-13,1.000000,0.0000
2015-03-16,1.000000,0.0000
2015-03-17,1.000000,0.0000
2015-03-18,1.000000,0.0000
2015-03-19,1.000000,0.0000
2015-03-20,1.000000,0.0000
2015-03-23,1.000000,0.0000
2015-03-24,1.000000,0.0000
2015-03-25,1.000000,0.0000
2015-03-26,1.000000,0.0000
2015-03-27,1.000000,0.0000
2015-03-30,1.000000,0.0000
2015-03-31,1.000000,0.0000
2015-04-01,1.000000,0.0000
2015-04-02,1.000000,0.0000
2015-04-03,1.000000,0.0000
2015-04-06,1.000000,0.0000
2015-04-07,1.000000,0.0000
2015-04-08,1.000000,0.0000
2015-04-09,1.000000,0.0000
2015-04-10,1.000000,0.0000
2015-04-13,1.000000,0.0000
2015-04-14,1.000000,0.0000
2015-04-15,1.000000,0.0000
2015-04-16,1.000000,0.0000
2015-04-17,1.000000,0.0000
2015-04-20,1.000000,0.0000
2015-04-21,1.000000,0.0000
2015-04-22,1.000000,0.0000
2015-04-23,1.000000,0.0000
2015-04-24,1.000000,0.0000
2015-04-27,1.000000,0.0000
2015-04-28,1.000000,0.0000
2015-04-29,1.000000,0.0000
2015-04-30,1.000000,0.0000
2015-05-01,1.000000,0.0000
2015-05-04,1.000000,0.0000
2015-05-05,1.000000,0.0000
2015-05-06,1.000000,0.0000
2015-05-07,1.000000,0.0000
2015-05-08,1.000000,0.0000
2015-05-11,1.000000,0.0000
2015-05-12,0.998553,-0.1447
2015-05-13,1.017423,1.8897
2015-05-14,1.020738,0.3258
2015-05-15,1.020738,0.0000
2015-05-18,1.020738,0.0000
2015-05-19,1.020738,0.0000
2015-05-20,1.020738,0.0000
2015-05-21,1.020738,0.0000
2015-05-22,1.020738,0.0000
2015-05-25,1.020738,0.0000
2015-05-26,1.020738,0.0000
2015-05-27,1.020738,0.0000
2015-05-28,1.020738,0.0000
2015-05-29,1.020738,0.0000
2015-06-01,1.020738,0.0000
2015-06-02,1.020738,0.0000
2015-06-03,1.020738,0.0000
2015-06-04,1.020738,0.0000
2015-06-05,1.020738,0.0000
2015-06-08,1.020738,0.0000
2015-06-09,1.020738,0.0000
2015-06-10,1.020738,0.0000
2015-06-11,1.020738,0.0000
2015-06-12,1.020738,0.0000
2015-06-15,1.020738,0.0000
2015-06-16,1.020738,0.0000
2015-06-17,1.020738,0.0000
2015-06-18,1.020738,0.0000
2015-06-19,1.020738,0.0000
2015-06-22,1.020738,0.0000
2015-06-23,1.020738,0.0000
2015-06-24,1.020738,0.0000
2015-06-25,1.020738,0.0000
2015-06-26,1.020738,0.0000
2015-06-29,1.010530,-1.0000
2015-06-30,1.010530,0.0000
2015-07-01,1.010530,0.0000
2015-07-02,1.010530,0.0000
2015-07-03,1.010530,0.0000
2015-07-06,1.010530,0.0000
2015-07-07,1.010530,0.0000
2015-07-08,1.010530,0.0000
2015-07-09,1.010530,0.0000
2015-07-10,1.010530,0.0000
2015-07-13,1.010530,0.0000
2015-07-14,1.010530,0.0000
2015-07-15,1.010530,0.0000
2015-07-16,1.010530,0.0000
2015-07-17,1.010530,0.0000
2015-07-20,1.010530,0.0000
2015-07-21,1.010530,0.0000
2015-07-22,1.010530,0.0000
2015-07-23,1.010530,0.0000
2015-07-24,1.010530,0.0000
2015-07-27,1.010530,0.0000
2015-07-28,1.010530,0.0000
2015-07-29,1.010530,0.0000
2015-07-30,1.010530,0.0000
2015-07-31,1.010530,0.0000
2015-08-03,1.010530,0.0000
2015-08-04,1.010530,0.0000
2015-08-05,1.010530,0.0000
2015-08-06,1.010530,0.0000
2015-08-07,1.010530,0.0000
2015-08-10,1.008576,-0.1934
2015-08-11,1.000425,-0.8082
2015-08-12,1.000425,0.0000
2015-08-13,1.000425,0.0000
2015-08-14,1.000425,0.0000
2015-08-17,1.000425,0.0000
2015-08-18,1.000425,0.0000
2015-08-19,1.004786,0.4359
2015-08-20,1.020223,1.5363
2015-08-21,1.010020,-1.0000
2015-08-24,1.010020,0.0000
2015-08-25,1.010020,0.0000
2015-08-26,1.010020,0.0000
2015-08-27,1.010020,0.0000
2015-08-28,1.010020,0.0000
2015-08-31,1.010020,0.0000
2015-09-01,1.010020,0.0000
2015-09-02,1.010020,0.0000
2015-09-03,1.010020,0.0000
2015-09-04,1.010020,0.0000
2015-09-07,1.010020,0.0000
2015-09-08,1.010020,0.0000
2015-09-09,1.010020,0.0000
2015-09-10,1.010020,0.0000
2015-09-11,1.010020,0.0000
2015-09-14,1.010020,0.0000
2015-09-15,1.010020,0.0000
2015-09-16,1.010020,0.0000
2015-09-17,1.010020,0.0000
2015-09-18,1.010020,0.0000
2015-09-21,1.010020,0.0000
2015-09-22,1.010020,0.0000
2015-09-23,1.010020,0.0000
2015-09-24,1.010020,0.0000
2015-09-25,1.010020,0.0000
2015-09-28,1.010020,0.0000
2015-09-29,1.010020,0.0000
2015-09-30,1.010020,0.0000
2015-10-01,1.010020,0.0000
2015-10-02,1.010020,0.0000
2015-10-05,1.010020,0.0000
2015-10-06,1.010020,0.0000
2015-10-07,1.010020,0.0000
2015-10-08,1.010020,0.0000
2015-10-09,1.011756,0.1718
2015-10-12,1.016670,0.4857
2015-10-13,1.019592,0.2874
2015-10-14,1.025451,0.5747
2015-10-15,1.025451,0.0000
2015-10-16,1.025451,0.0000
2015-10-19,1.025451,0.0000
2015-10-20,1.025451,0.0000
2015-10-21,1.025451,0.0000
2015-10-22,1.025451,0.0000
2015-10-23,1.015196,-1.0000
2015-10-26,1.015196,0.0000
2015-10-27,1.015196,0.0000
2015-10-28,1.015196,0.0000
2015-10-29,1.015196,0.0000
2015-10-30,1.015196,0.0000
2015-11-02,1.015196,0.0000
2015-11-03,1.015196,0.0000
2015-11-04,1.015196,0.0000
2015-11-05,1.015196,0.0000
2015-11-06,1.015196,0.0000
2015-11-09,1.015196,0.0000
2015-11-10,1.015196,0.0000
2015-11-11,1.015196,0.0000
2015-11-12,1.015196,0.0000
2015-11-13,1.015196,0.0000
2015-11-16,1.015196,0.0000
2015-11-17,1.015196,0.0000
2015-11-18,1.015196,0.0000
2015-11-19,1.015196,0.0000
2015-11-20,1.015196,0.0000
2015-11-23,1.015196,0.0000
2015-11-24,1.015196,0.0000
2015-11-25,1.015196,0.0000
2015-11-26,1.015196,0.0000
2015-11-27,1.015196,0.0000
2015-11-30,1.015196,0.0000
2015-12-01,1.015196,0.0000
2015-12-02,1.015196,0.0000
2015-12-03,1.015196,0.0000
2015-12-04,1.015196,0.0000
2015-12-07,1.015196,0.0000
2015-12-08,1.015196,0.0000
2015-12-09,1.015196,0.0000
2015-12-10,1.015196,0.0000
2015-12-11,1.015196,0.0000
2015-12-14,1.015196,0.0000
2015-12-15,1.015196,0.0000
2015-12-16,1.014460,-0.0725
2015-12-17,1.005044,-0.9281
2015-12-18,1.005044,0.0000
2015-12-21,1.005044,0.0000
2015-12-22,1.005044,0.0000
2015-12-23,1.005044,0.0000
2015-12-24,1.005044,0.0000
2015-12-28,1.005044,0.0000
2015-12-29,1.005044,0.0000
2015-12-30,1.005044,0.0000
2015-12-31,1.005044,0.0000
2016-01-04,1.005044,0.0000
2016-01-05,1.005044,0.0000
2016-01-06,1.005044,0.0000
2016-01-07,1.005044,0.0000
2016-01-08,1.005044,0.0000
2016-01-11,1.005044,0.0000
2016-01-12,1.005044,0.0000
2016-01-13,1.005044,0.0000
2016-01-14,1.005044,0.0000
2016-01-15,1.005044,0.0000
2016-01-18,1.005044,0.0000
2016-01-19,1.005044,0.0000
2016-01-20,1.005044,0.0000
2016-01-21,1.005044,0.0000
2016-01-22,1.005044,0.0000
2016-01-25,1.005044,0.0000
2016-01-26,1.005044,0.0000
2016-01-27,1.005044,0.0000
2016-01-28,1.005044,0.0000
2016-01-29,1.005044,0.0000
2016-02-01,1.005044,0.0000
2016-02-02,1.005044,0.0000
2016-02-03,1.005044,0.0000
2016-02-04,1.005044,0.0000
2016-02-05,1.005044,0.0000
2016-02-08,1.005044,0.0000
2016-02-09,1.005044,0.0000
2016-02-10,1.005044,0.0000
2016-02-11,1.005044,0.0000
2016-02-12,1.005044,0.0000
2016-02-15,1.005044,0.0000
2016-02-16,1.005044,0.0000
2016-02-17,1.005044,0.0000
2016-02-18,1.005044,0.0000
2016-02-19,1.005044,0.0000
2016-02-22,1.005044,0.0000
2016-02-23,1.005044,0.0000
2016-02-24,0.996590,-0.8412
2016-02-25,0.994994,-0.1602
2016-02-26,0.994994,0.0000
2016-02-29,0.994994,0.0000
2016-03-01,0.994994,0.0000
2016-03-02,0.994994,0.0000
2016-03-03,0.994994,0.0000
2016-03-04,0.994994,0.0000
2016-03-07,0.994994,0.0000
2016-03-08,0.994994,0.0000
2016-03-09,0.994994,0.0000
2016-03-10,0.994994,0.0000
2016-03-11,0.994994,0.0000
2016-03-14,0.994994,0.0000
2016-03-15,0.994994,0.0000
2016-03-16,0.994994,0.0000
2016-03-17,0.994994,0.0000
2016-03-18,0.994994,0.0000
2016-03-21,0.994994,0.0000
2016-03-22,0.994994,0.0000
2016-03-23,0.994994,0.0000
2016-03-24,0.994994,0.0000
2016-03-28,0.994994,0.0000
2016-03-29,0.994994,0.0000
2016-03-30,0.994994,0.0000
2016-03-31,0.994994,0.0000
2016-04-01,0.994994,0.0000
2016-04-04,0.994994,0.0000
2016-04-05,0.993625,-0.1376
2016-04-06,0.988771,-0.4885
2016-04-07,0.999451,1.0802
2016-04-08,0.999388,-0.0063
2016-04-11,1.009177,0.9795
2016-04-12,1.007969,-0.1197
2016-04-13,1.000924,-0.6990
2016-04-14,0.991244,-0.9671
2016-04-15,0.995500,0.4294
2016-04-18,0.994833,-0.0670
2016-04-19,1.005945,1.1169
2016-04-20,1.005945,0.0000
2016-04-21,1.005945,0.0000
2016-04-22,1.005945,0.0000
2016-04-25,1.005945,0.0000
2016-04-26,1.005945,0.0000
2016-04-27,1.005945,0.0000
2016-04-28,1.005945,0.0000
2016-04-29,1.005945,0.0000
2016-05-02,1.005945,0.0000
2016-05-03,1.005945,0.0000
2016-05-04,1.005945,0.0000
2016-05-05,1.005945,0.0000
2016-05-06,1.003526,-0.2404
2016-05-09,0.995885,-0.7614
2016-05-10,0.995885,0.0000
2016-05-11,0.995885,0.0000
2016-05-12,0.995885,0.0000
2016-05-13,0.995885,0.0000
2016-05-16,0.995885,0.0000
2016-05-17,0.995885,0.0000
2016-05-18,0.995885,0.0000
2016-05-19,0.995885,0.0000
2016-05-20,0.995885,0.0000
2016-05-23,0.995885,0.0000
2016-05-24,0.995885,0.0000
2016-05-25,0.995885,0.0000
2016-05-26,0.995885,0.0000
2016-05-27,0.995885,0.0000
2016-05-30,0.995885,0.0000
2016-05-31,0.995885,0.0000
2016-06-01,0.995885,0.0000
2016-06-02,0.995885,0.0000
2016-06-03,0.995885,0.0000
2016-06-06,0.995885,0.0000
2016-06-07,0.995885,0.0000
2016-06-08,0.995885,0.0000
2016-06-09,0.995885,0.0000
2016-06-10,0.995885,0.0000
2016-06-13,0.993557,-0.2338
2016-06-14,0.995114,0.1567
2016-06-15,0.999506,0.4413
2016-06-16,1.017425,1.7928
2016-06-17,1.017425,0.0000
2016-06-20,1.017425,0.0000
2016-06-21,1.017425,0.0000
2016-06-22,1.017425,0.0000
2016-06-23,1.017425,0.0000
2016-06-24,1.017425,0.0000
2016-06-27,1.017425,0.0000
2016-06-28,1.017425,0.0000
2016-06-29,1.017425,0.0000
2016-06-30,1.017425,0.0000
2016-07-01,1.017425,0.0000
2016-07-04,1.017425,0.0000
2016-07-05,1.017425,0.0000
2016-07-06,1.017425,0.0000
2016-07-07,1.017425,0.0000
2016-07-08,1.017425,0.0000
2016-07-11,1.017425,0.0000
2016-07-12,1.017425,0.0000
2016-07-13,1.017425,0.0000
2016-07-14,1.017425,0.0000
2016-07-15,1.017425,0.0000
2016-07-18,1.017425,0.0000
2016-07-19,1.017425,0.0000
2016-07-20,1.017425,0.0000
2016-07-21,1.017425,0.0000
2016-07-22,1.017425,0.0000
2016-07-25,1.017425,0.0000
2016-07-26,1.017425,0.0000
2016-07-27,1.017425,0.0000
2016-07-28,1.017425,0.0000
2016-07-29,1.017425,0.0000
2016-08-01,1.018294,0.0854
2016-08-02,1.025233,0.6815
2016-08-03,1.021732,-0.3415
2016-08-04,1.023514,0.1744
2016-08-05,1.007250,-1.5890
2016-08-08,1.007250,0.0000
2016-08-09,1.007250,0.0000
2016-08-10,1.007250,0.0000
2016-08-11,1.007250,0.0000
2016-08-12,1.007250,0.0000
2016-08-15,1.007250,0.0000
2016-08-16,1.007250,0.0000
2016-08-17,1.007250,0.0000
2016-08-18,1.007250,0.0000
2016-08-19,1.007250,0.0000
2016-08-22,1.007250,0.0000
2016-08-23,1.007250,0.0000
2016-08-24,1.007250,0.0000
2016-08-25,1.007250,0.0000
2016-08-26,1.007250,0.0000
2016-08-29,1.007250,0.0000
2016-08-30,1.007250,0.0000
2016-08-31,1.007250,0.0000
2016-09-01,1.007250,0.0000
2016-09-02,1.007233,-0.0017
2016-09-05,1.008938,0.1692
2016-09-06,1.028105,1.8998
2016-09-07,1.028105,0.0000
2016-09-08,1.028105,0.0000
2016-09-09,1.028105,0.0000
2016-09-12,1.028105,0.0000
2016-09-13,1.028105,0.0000
2016-09-14,1.028105,0.0000
2016-09-15,1.028105,0.0000
2016-09-16,1.028105,0.0000
2016-09-19,1.028105,0.0000
2016-09-20,1.028105,0.0000
2016-09-21,1.028105,0.0000
2016-09-22,1.028105,0.0000
2016-09-23,1.028105,0.0000
2016-09-26,1.028105,0.0000
2016-09-27,1.028105,0.0000
2016-09-28,1.028105,0.0000
2016-09-29,1.028105,0.0000
2016-09-30,1.028105,0.0000
2016-10-03,1.028105,0.0000
2016-10-04,1.028105,0.0000
2016-10-05,1.028105,0.0000
2016-10-06,1.028105,0.0000
2016-10-07,1.028105,0.0000
2016-10-10,1.028105,0.0000
2016-10-11,1.028105,0.0000
2016-10-12,1.028105,0.0000
2016-10-13,1.028105,0.0000
2016-10-14,1.028105,0.0000
2016-10-17,1.028105,0.0000
2016-10-18,1.028105,0.0000
2016-10-19,1.028105,0.0000
2016-10-20,1.028105,0.0000
2016-10-21,1.028105,0.0000
2016-10-24,1.028105,0.0000
2016-10-25,1.028105,0.0000
2016-10-26,1.028105,0.0000
2016-10-27,1.028105,0.0000
2016-10-28,1.028105,0.0000
2016-10-31,1.028105,0.0000
2016-11-01,1.028105,0.0000
2016-11-02,1.028105,0.0000
2016-11-03,1.028105,0.0000
2016-11-04,1.028105,0.0000
2016-11-07,1.028105,0.0000
2016-11-08,1.028105,0.0000
2016-11-09,1.028105,0.0000
2016-11-10,1.028105,0.0000
2016-11-11,1.028105,0.0000
2016-11-14,1.028105,0.0000
2016-11-15,1.028105,0.0000
2016-11-16,1.028105,0.0000
2016-11-17,1.028105,0.0000
2016-11-18,1.028105,0.0000
2016-11-21,1.028105,0.0000
2016-11-22,1.028105,0.0000
2016-11-23,1.028105,0.0000
2016-11-24,1.028105,0.0000
2016-11-25,1.028105,0.0000
2016-11-28,1.028105,0.0000
2016-11-29,1.028105,0.0000
2016-11-30,1.028105,0.0000
2016-12-01,1.028105,0.0000
2016-12-02,1.028105,0.0000
2016-12-05,1.028105,0.0000
2016-12-06,1.028105,0.0000
2016-12-07,1.028105,0.0000
2016-12-08,1.028105,0.0000
2016-12-09,1.028105,0.0000
2016-12-12,1.028105,0.0000
2016-12-13,1.028105,0.0000
2016-12-14,1.028105,0.0000
2016-12-15,1.028105,0.0000
2016-12-16,1.028105,0.0000
2016-12-19,1.028105,0.0000
2016-12-20,1.028105,0.0000
2016-12-21,1.028105,0.0000
2016-12-22,1.028105,0.0000
2016-12-23,1.028105,0.0000
2016-12-27,1.028105,0.0000
2016-12-28,1.028105,0.0000
2016-12-29,1.028105,0.0000
2016-12-30,1.028105,0.0000
2017-01-03,1.025166,-0.2858
2017-01-04,1.028521,0.3272
2017-01-05,1.048842,1.9758
2017-01-06,1.048842,0.0000
2017-01-09,1.048842,0.0000
2017-01-10,1.048842,0.0000
2017-01-11,1.048842,0.0000
2017-01-12,1.048842,0.0000
2017-01-13,1.048842,0.0000
2017-01-16,1.048842,0.0000
2017-01-17,1.053844,0.4769
2017-01-18,1.038354,-1.4699
2017-01-19,1.038354,0.0000
2017-01-20,1.038354,0.0000
2017-01-23,1.038354,0.0000
2017-01-24,1.038354,0.0000
2017-01-25,1.038354,0.0000
2017-01-26,1.038354,0.0000
2017-01-27,1.038354,0.0000
2017-01-30,1.038354,0.0000
2017-01-31,1.038354,0.0000
2017-02-01,1.038354,0.0000
2017-02-02,1.038354,0.0000
2017-02-03,1.038354,0.0000
2017-02-06,1.038354,0.0000
2017-02-07,1.038354,0.0000
2017-02-08,1.038354,0.0000
2017-02-09,1.038354,0.0000
2017-02-10,1.038354,0.0000
2017-02-13,1.038354,0.0000
2017-02-14,1.038354,0.0000
2017-02-15,1.038354,0.0000
2017-02-16,1.038354,0.0000
2017-02-17,1.038354,0.0000
2017-02-20,1.038354,0.0000
2017-02-21,1.038354,0.0000
2017-02-22,1.038354,0.0000
2017-02-23,1.038354,0.0000
2017-02-24,1.038354,0.0000
2017-02-27,1.038354,0.0000
2017-02-28,1.038354,0.0000
2017-03-01,1.038354,0.0000
2017-03-02,1.038354,0.0000
2017-03-03,1.038354,0.0000
2017-03-06,1.038354,0.0000
2017-03-07,1.038354,0.0000
2017-03-08,1.038354,0.0000
2017-03-09,1.038354,0.0000
2017-03-10,1.038354,0.0000
2017-03-13,1.038354,0.0000
2017-03-14,1.038354,0.0000
2017-03-15,1.038354,0.0000
2017-03-16,1.038354,0.0000
2017-03-17,1.038354,0.0000
2017-03-20,1.038354,0.0000
2017-03-21,1.038354,0.0000
2017-03-22,1.038354,0.0000
2017-03-23,1.038354,0.0000
2017-03-24,1.038354,0.0000
2017-03-27,1.037322,-0.0994
2017-03-28,1.034446,-0.2772
2017-03-29,1.036202,0.1698
2017-03-30,1.027970,-0.7945
2017-03-31,1.027970,0.0000
2017-04-03,1.027970,0.0000
2017-04-04,1.027970,0.0000
2017-04-05,1.027970,0.0000
2017-04-06,1.027970,0.0000
2017-04-07,1.027970,0.0000
2017-04-10,1.027970,0.0000
2017-04-11,1.027970,0.0000
2017-04-12,1.027970,0.0000
2017-04-13,1.027970,0.0000
2017-04-17,1.027970,0.0000
2017-04-18,1.027970,0.0000
2017-04-19,1.027970,0.0000
2017-04-20,1.027970,0.0000
2017-04-21,1.027970,0.0000
2017-04-24,1.027970,0.0000
2017-04-25,1.027970,0.0000
2017-04-26,1.027970,0.0000
2017-04-27,1.027970,0.0000
2017-04-28,1.027970,0.0000
2017-05-01,1.027970,0.0000
2017-05-02,1.027970,0.0000
2017-05-03,1.027970,0.0000
2017-05-04,1.027970,0.0000
2017-05-05,1.027970,0.0000
2017-05-08,1.027970,0.0000
2017-05-09,1.027970,0.0000
2017-05-10,1.027970,0.0000
2017-05-11,1.027970,0.0000
2017-05-12,1.027970,0.0000
2017-05-15,1.019764,-0.7982
2017-05-16,1.028670,0.8733
2017-05-17,1.049391,2.0143
2017-05-18,1.049391,0.0000
2017-05-19,1.049391,0.0000
2017-05-22,1.049391,0.0000
2017-05-23,1.049391,0.0000
2017-05-24,1.049391,0.0000
2017-05-25,1.049391,0.0000
2017-05-26,1.053747,0.4151
2017-05-29,1.053166,-0.0551
2017-05-30,1.048678,-0.4261
2017-05-31,1.056070,0.7049
2017-06-01,1.052004,-0.3850
2017-06-02,1.069085,1.6236
2017-06-05,1.073277,0.3921
2017-06-06,1.073277,0.0000
2017-06-07,1.073277,0.0000
2017-06-08,1.073277,0.0000
2017-06-09,1.073277,0.0000
2017-06-12,1.073277,0.0000
2017-06-13,1.073277,0.0000
2017-06-14,1.062544,-1.0000
2017-06-15,1.062544,0.0000
2017-06-16,1.062544,0.0000
2017-06-19,1.062544,0.0000
2017-06-20,1.062544,0.0000
2017-06-21,1.062544,0.0000
2017-06-22,1.062544,0.0000
2017-06-23,1.062544,0.0000
2017-06-26,1.062544,0.0000
2017-06-27,1.062544,0.0000
2017-06-28,1.062544,0.0000
2017-06-29,1.062544,0.0000
2017-06-30,1.062544,0.0000
2017-07-03,1.062544,0.0000
2017-07-04,1.062544,0.0000
2017-07-05,1.062544,0.0000
2017-07-06,1.062544,0.0000
2017-07-07,1.062544,0.0000
2017-07-10,1.062544,0.0000
2017-07-11,1.062544,0.0000
2017-07-12,1.062544,0.0000
2017-07-13,1.062544,0.0000
2017-07-14,1.062544,0.0000
2017-07-17,1.062544,0.0000
2017-07-18,1.062544,0.0000
2017-07-19,1.062544,0.0000
2017-07-20,1.062544,0.0000
2017-07-21,1.062544,0.0000
2017-07-24,1.062544,0.0000
2017-07-25,1.062544,0.0000
2017-07-26,1.062544,0.0000
2017-07-27,1.062544,0.0000
2017-07-28,1.062575,0.0029
2017-07-31,1.063042,0.0440
2017-08-01,1.062585,-0.0430
2017-08-02,1.059801,-0.2619
2017-08-03,1.051919,-0.7438
2017-08-04,1.051919,0.0000
2017-08-07,1.051919,0.0000
2017-08-08,1.051919,0.0000
2017-08-09,1.051919,0.0000
2017-08-10,1.051919,0.0000
2017-08-11,1.051919,0.0000
2017-08-14,1.051919,0.0000
2017-08-15,1.051919,0.0000
2017-08-16,1.051919,0.0000
2017-08-17,1.051919,0.0000
2017-08-18,1.041399,-1.0000
2017-08-21,1.041399,0.0000
2017-08-22,1.041399,0.0000
2017-08-23,1.041399,0.0000
2017-08-24,1.041399,0.0000
2017-08-25,1.041399,0.0000
2017-08-28,1.041399,0.0000
2017-08-29,1.041399,0.0000
2017-08-30,1.041399,0.0000
2017-08-31,1.046466,0.4865
2017-09-01,1.050179,0.3548
2017-09-04,1.065350,1.4446
2017-09-05,1.065350,0.0000
2017-09-06,1.065350,0.0000
2017-09-07,1.065350,0.0000
2017-09-08,1.065350,0.0000
2017-09-11,1.065350,0.0000
2017-09-12,1.065350,0.0000
2017-09-13,1.065350,0.0000
2017-09-14,1.065350,0.0000
2017-09-15,1.065350,0.0000
2017-09-18,1.065350,0.0000
2017-09-19,1.065350,0.0000
2017-09-20,1.065350,0.0000
2017-09-21,1.065350,0.0000
2017-09-22,1.065350,0.0000
2017-09-25,1.065350,0.0000
2017-09-26,1.065350,0.0000
2017-09-27,1.065350,0.0000
2017-09-28,1.065350,0.0000
2017-09-29,1.065350,0.0000
2017-10-02,1.065350,0.0000
2017-10-03,1.065350,0.0000
2017-10-04,1.065350,0.0000
2017-10-05,1.065350,0.0000
2017-10-06,1.065350,0.0000
2017-10-09,1.065350,0.0000
2017-10-10,1.065350,0.0000
2017-10-11,1.065350,0.0000
2017-10-12,1.065350,0.0000
2017-10-13,1.065350,0.0000
2017-10-16,1.065350,0.0000
2017-10-17,1.065350,0.0000
2017-10-18,1.065350,0.0000
2017-10-19,1.065350,0.0000
2017-10-20,1.065350,0.0000
2017-10-23,1.065350,0.0000
2017-10-24,1.065350,0.0000
2017-10-25,1.065350,0.0000
2017-10-26,1.065350,0.0000
2017-10-27,1.065350,0.0000
2017-10-30,1.065350,0.0000
2017-10-31,1.065350,0.0000
2017-11-01,1.065350,0.0000
2017-11-02,1.065350,0.0000
2017-11-03,1.065350,0.0000
2017-11-06,1.065350,0.0000
2017-11-07,1.065350,0.0000
2017-11-08,1.065350,0.0000
2017-11-09,1.065350,0.0000
2017-11-10,1.065350,0.0000
2017-11-13,1.065350,0.0000
2017-11-14,1.065350,0.0000
2017-11-15,1.065350,0.0000
2017-11-16,1.065350,0.0000
2017-11-17,1.065350,0.0000
2017-11-20,1.065350,0.0000
2017-11-21,1.065350,0.0000
2017-11-22,1.065350,0.0000
2017-11-23,1.065350,0.0000
2017-11-24,1.065350,0.0000
2017-11-27,1.065350,0.0000
2017-11-28,1.065350,0.0000
2017-11-29,1.065350,0.0000
2017-11-30,1.065350,0.0000
2017-12-01,1.065350,0.0000
2017-12-04,1.065350,0.0000
2017-12-05,1.065350,0.0000
2017-12-06,1.065350,0.0000
2017-12-07,1.065350,0.0000
2017-12-08,1.065350,0.0000
2017-12-11,1.065350,0.0000
2017-12-12,1.065350,0.0000
2017-12-13,1.065350,0.0000
2017-12-14,1.065350,0.0000
2017-12-15,1.065350,0.0000
2017-12-18,1.065350,0.0000
2017-12-19,1.065350,0.0000
2017-12-20,1.065350,0.0000
2017-12-21,1.065350,0.0000
2017-12-22,1.065350,0.0000
2017-12-26,1.065350,0.0000
2017-12-27,1.065350,0.0000
2017-12-28,1.065350,0.0000
2017-12-29,1.065350,0.0000
2018-01-02,1.065350,0.0000
2018-01-03,1.065350,0.0000
2018-01-04,1.065350,0.0000
2018-01-05,1.065350,0.0000
2018-01-08,1.065350,0.0000
2018-01-09,1.065350,0.0000
2018-01-10,1.065350,0.0000
2018-01-11,1.065350,0.0000
2018-01-12,1.065350,0.0000
2018-01-15,1.065350,0.0000
2018-01-16,1.065350,0.0000
2018-01-17,1.065350,0.0000
2018-01-18,1.065350,0.0000
2018-01-19,1.060122,-0.4907
2018-01-22,1.063137,0.2845
2018-01-23,1.072085,0.8417
2018-01-24,1.086800,1.3726
2018-01-25,1.086800,0.0000
2018-01-26,1.086800,0.0000
2018-01-29,1.086800,0.0000
2018-01-30,1.086800,0.0000
2018-01-31,1.086800,0.0000
2018-02-01,1.086800,0.0000
2018-02-02,1.086800,0.0000
2018-02-05,1.086800,0.0000
2018-02-06,1.086800,0.0000
2018-02-07,1.086800,0.0000
2018-02-08,1.086800,0.0000
2018-02-09,1.086800,0.0000
2018-02-12,1.086800,0.0000
2018-02-13,1.086800,0.0000
2018-02-14,1.086800,0.0000
2018-02-15,1.086800,0.0000
2018-02-16,1.086800,0.0000
2018-02-19,1.086800,0.0000
2018-02-20,1.086800,0.0000
2018-02-21,1.086800,0.0000
2018-02-22,1.086800,0.0000
2018-02-23,1.086800,0.0000
2018-02-26,1.086800,0.0000
2018-02-27,1.086800,0.0000
2018-02-28,1.086800,0.0000
2018-03-01,1.086800,0.0000
2018-03-02,1.086800,0.0000
2018-03-05,1.086800,0.0000
2018-03-06,1.086800,0.0000
2018-03-07,1.086800,0.0000
2018-03-08,1.086800,0.0000
2018-03-09,1.086800,0.0000
2018-03-12,1.086800,0.0000
2018-03-13,1.086800,0.0000
2018-03-14,1.086800,0.0000
2018-03-15,1.086800,0.0000
2018-03-16,1.086800,0.0000
2018-03-19,1.086800,0.0000
2018-03-20,1.086800,0.0000
2018-03-21,1.099242,1.1448
2018-03-22,1.095657,-0.3262
2018-03-23,1.117829,2.0236
2018-03-26,1.124959,0.6378
2018-03-27,1.114318,-0.9459
2018-03-28,1.095104,-1.7242
2018-03-29,1.095104,0.0000
2018-04-02,1.095104,0.0000
2018-04-03,1.095104,0.0000
2018-04-04,1.095104,0.0000
2018-04-05,1.095104,0.0000
2018-04-06,1.095104,0.0000
2018-04-09,1.095104,0.0000
2018-04-10,1.095104,0.0000
2018-04-11,1.095104,0.0000
2018-04-12,1.095104,0.0000
2018-04-13,1.095104,0.0000
2018-04-16,1.095104,0.0000
2018-04-17,1.095104,0.0000
2018-04-18,1.095104,0.0000
2018-04-19,1.095104,0.0000
2018-04-20,1.095104,0.0000
2018-04-23,1.095104,0.0000
2018-04-24,1.095104,0.0000
2018-04-25,1.095104,0.0000
2018-04-26,1.095104,0.0000
2018-04-27,1.095104,0.0000
2018-04-30,1.095104,0.0000
2018-05-01,1.095104,0.0000
2018-05-02,1.095104,0.0000
2018-05-03,1.095104,0.0000
2018-05-04,1.095104,0.0000
2018-05-07,1.095104,0.0000
2018-05-08,1.095104,0.0000
2018-05-09,1.095104,0.0000
2018-05-10,1.093844,-0.1151
2018-05-11,1.090365,-0.3181
2018-05-14,1.085012,-0.4909
2018-05-15,1.084153,-0.0791
2018-05-16,1.084153,0.0000
2018-05-17,1.084153,0.0000
2018-05-18,1.084153,0.0000
2018-05-21,1.084153,0.0000
2018-05-22,1.084153,0.0000
2018-05-23,1.084153,0.0000
2018-05-24,1.084153,0.0000
2018-05-25,1.084153,0.0000
2018-05-28,1.084153,0.0000
2018-05-29,1.084153,0.0000
2018-05-30,1.084153,0.0000
2018-05-31,1.084153,0.0000
2018-06-01,1.084153,0.0000
2018-06-04,1.084153,0.0000
2018-06-05,1.084153,0.0000
2018-06-06,1.084153,0.0000
2018-06-07,1.084153,0.0000
2018-06-08,1.084153,0.0000
2018-06-11,1.084153,0.0000
2018-06-12,1.084153,0.0000
2018-06-13,1.084153,0.0000
2018-06-14,1.084153,0.0000
2018-06-15,1.084153,0.0000
2018-06-18,1.084153,0.0000
2018-06-19,1.084153,0.0000
2018-06-20,1.084153,0.0000
2018-06-21,1.084153,0.0000
2018-06-22,1.084153,0.0000
2018-06-25,1.084153,0.0000
2018-06-26,1.084153,0.0000
2018-06-27,1.084153,0.0000
2018-06-28,1.084153,0.0000
2018-06-29,1.084153,0.0000
2018-07-02,1.084153,0.0000
2018-07-03,1.084153,0.0000
2018-07-04,1.084153,0.0000
2018-07-05,1.084153,0.0000
2018-07-06,1.084153,0.0000
2018-07-09,1.084153,0.0000
2018-07-10,1.084153,0.0000
2018-07-11,1.084153,0.0000
2018-07-12,1.084153,0.0000
2018-07-13,1.084153,0.0000
2018-07-16,1.084153,0.0000
2018-07-17,1.084153,0.0000
2018-07-18,1.084153,0.0000
2018-07-19,1.084153,0.0000
2018-07-20,1.084153,0.0000
2018-07-23,1.084153,0.0000
2018-07-24,1.084153,0.0000
2018-07-25,1.082818,-0.1232
2018-07-26,1.073312,-0.8779
2018-07-27,1.073312,0.0000
2018-07-30,1.073312,0.0000
2018-07-31,1.073312,0.0000
2018-08-01,1.073312,0.0000
2018-08-02,1.073312,0.0000
2018-08-03,1.073312,0.0000
2018-08-06,1.073312,0.0000
2018-08-07,1.073312,0.0000
2018-08-08,1.073312,0.0000
2018-08-09,1.073312,0.0000
2018-08-10,1.073312,0.0000
2018-08-13,1.073312,0.0000
2018-08-14,1.073312,0.0000
2018-08-15,1.073312,0.0000
2018-08-16,1.073312,0.0000
2018-08-17,1.073312,0.0000
2018-08-20,1.073312,0.0000
2018-08-21,1.073312,0.0000
2018-08-22,1.073312,0.0000
2018-08-23,1.073312,0.0000
2018-08-24,1.073312,0.0000
2018-08-27,1.073312,0.0000
2018-08-28,1.073312,0.0000
2018-08-29,1.073312,0.0000
2018-08-30,1.073312,0.0000
2018-08-31,1.073312,0.0000
2018-09-03,1.073312,0.0000
2018-09-04,1.073312,0.0000
2018-09-05,1.073312,0.0000
2018-09-06,1.073312,0.0000
2018-09-07,1.073312,0.0000
2018-09-10,1.073312,0.0000
2018-09-11,1.073312,0.0000
2018-09-12,1.073312,0.0000
2018-09-13,1.073312,0.0000
2018-09-14,1.073312,0.0000
2018-09-17,1.071290,-0.1883
2018-09-18,1.067933,-0.3134
2018-09-19,1.074485,0.6135
2018-09-20,1.078423,0.3665
2018-09-21,1.062579,-1.4692
2018-09-24,1.062579,0.0000
2018-09-25,1.062579,0.0000
2018-09-26,1.062579,0.0000
2018-09-27,1.062579,0.0000
2018-09-28,1.062579,0.0000
2018-10-01,1.062579,0.0000
2018-10-02,1.062579,0.0000
2018-10-03,1.062579,0.0000
2018-10-04,1.062579,0.0000
2018-10-05,1.062579,0.0000
2018-10-08,1.062579,0.0000
2018-10-09,1.062579,0.0000
2018-10-10,1.062579,0.0000
2018-10-11,1.062579,0.0000
2018-10-12,1.062579,0.0000
2018-10-15,1.062579,0.0000
2018-10-16,1.062579,0.0000
2018-10-17,1.062579,0.0000
2018-10-18,1.062579,0.0000
2018-10-19,1.062579,0.0000
2018-10-22,1.062579,0.0000
2018-10-23,1.062579,0.0000
2018-10-24,1.062579,0.0000
2018-10-25,1.062579,0.0000
2018-10-26,1.062579,0.0000
2018-10-29,1.062579,0.0000
2018-10-30,1.062579,0.0000
2018-10-31,1.062579,0.0000
2018-11-01,1.062579,0.0000
2018-11-02,1.062579,0.0000
2018-11-05,1.062579,0.0000
2018-11-06,1.062579,0.0000
2018-11-07,1.062579,0.0000
2018-11-08,1.062579,0.0000
2018-11-09,1.062579,0.0000
2018-11-12,1.062579,0.0000
2018-11-13,1.062579,0.0000
2018-11-14,1.062579,0.0000
2018-11-15,1.062579,0.0000
2018-11-16,1.060492,-0.1964
2018-11-19,1.063150,0.2507
2018-11-20,1.060813,-0.2199
2018-11-21,1.065127,0.4067
2018-11-22,1.066271,0.1074
2018-11-23,1.061806,-0.4188
2018-11-26,1.061445,-0.0340
2018-11-27,1.051953,-0.8942
2018-11-28,1.051953,0.0000
2018-11-29,1.051953,0.0000
2018-11-30,1.051953,0.0000
2018-12-03,1.051953,0.0000
2018-12-04,1.051953,0.0000
2018-12-05,1.051953,0.0000
2018-12-06,1.051953,0.0000
2018-12-07,1.051953,0.0000
2018-12-10,1.051953,0.0000
2018-12-11,1.051953,0.0000
2018-12-12,1.051953,0.0000
2018-12-13,1.051953,0.0000
2018-12-14,1.051953,0.0000
2018-12-17,1.051953,0.0000
2018-12-18,1.051953,0.0000
2018-12-19,1.051953,0.0000
2018-12-20,1.051953,0.0000
2018-12-21,1.051953,0.0000
2018-12-24,1.057868,0.5623
2018-12-26,1.071407,1.2799
2018-12-27,1.071407,0.0000
2018-12-28,1.071407,0.0000
2018-12-31,1.071407,0.0000
2019-01-02,1.060693,-1.0000
2019-01-03,1.060693,0.0000
2019-01-04,1.050086,-1.0000
2019-01-07,1.050086,0.0000
2019-01-08,1.050086,0.0000
2019-01-09,1.050086,0.0000
2019-01-10,1.050086,0.0000
2019-01-11,1.050086,0.0000
2019-01-14,1.050086,0.0000
2019-01-15,1.050086,0.0000
2019-01-16,1.050086,0.0000
2019-01-17,1.050086,0.0000
2019-01-18,1.050086,0.0000
2019-01-21,1.050086,0.0000
2019-01-22,1.050086,0.0000
2019-01-23,1.050086,0.0000
2019-01-24,1.050086,0.0000
2019-01-25,1.050086,0.0000
2019-01-28,1.050086,0.0000
2019-01-29,1.050086,0.0000
2019-01-30,1.050086,0.0000
2019-01-31,1.051639,0.1479
2019-02-01,1.047352,-0.4077
2019-02-04,1.039585,-0.7415
2019-02-05,1.039585,0.0000
2019-02-06,1.039585,0.0000
2019-02-07,1.039585,0.0000
2019-02-08,1.039585,0.0000
2019-02-11,1.039585,0.0000
2019-02-12,1.039585,0.0000
2019-02-13,1.039585,0.0000
2019-02-14,1.039585,0.0000
2019-02-15,1.039585,0.0000
2019-02-18,1.039585,0.0000
2019-02-19,1.039585,0.0000
2019-02-20,1.039585,0.0000
2019-02-21,1.039585,0.0000
2019-02-22,1.039585,0.0000
2019-02-25,1.039585,0.0000
2019-02-26,1.039585,0.0000
2019-02-27,1.039585,0.0000
2019-02-28,1.039585,0.0000
2019-03-01,1.039585,0.0000
2019-03-04,1.039585,0.0000
2019-03-05,1.039585,0.0000
2019-03-06,1.039585,0.0000
2019-03-07,1.039585,0.0000
2019-03-08,1.039585,0.0000
2019-03-11,1.039585,0.0000
2019-03-12,1.039585,0.0000
2019-03-13,1.049431,0.9471
2019-03-14,1.029189,-1.9288
2019-03-15,1.025774,-0.3318
2019-03-18,1.027529,0.1710
2019-03-19,1.031061,0.3438
2019-03-20,1.038044,0.6773
2019-03-21,1.034441,-0.3471
2019-03-22,1.038904,0.4314
2019-03-25,1.049293,1.0000
2019-03-26,1.049293,0.0000
2019-03-27,1.049293,0.0000
2019-03-28,1.049293,0.0000
2019-03-29,1.049293,0.0000
2019-04-01,1.049293,0.0000
2019-04-02,1.049293,0.0000
2019-04-03,1.049293,0.0000
2019-04-04,1.049293,0.0000
2019-04-05,1.049293,0.0000
2019-04-08,1.049293,0.0000
2019-04-09,1.049293,0.0000
2019-04-10,1.049293,0.0000
2019-04-11,1.049293,0.0000
2019-04-12,1.049293,0.0000
2019-04-15,1.049293,0.0000
2019-04-16,1.049293,0.0000
2019-04-17,1.049293,0.0000
2019-04-18,1.049293,0.0000
2019-04-22,1.049293,0.0000
2019-04-23,1.049293,0.0000
2019-04-24,1.049293,0.0000
2019-04-25,1.049293,0.0000
2019-04-26,1.049293,0.0000
2019-04-29,1.049293,0.0000
2019-04-30,1.049293,0.0000
2019-05-01,1.049293,0.0000
2019-05-02,1.049293,0.0000
2019-05-03,1.049293,0.0000
2019-05-06,1.049293,0.0000
2019-05-07,1.049293,0.0000
2019-05-08,1.049293,0.0000
2019-05-09,1.049293,0.0000
2019-05-10,1.049293,0.0000
2019-05-13,1.049293,0.0000
2019-05-14,1.049293,0.0000
2019-05-15,1.049293,0.0000
2019-05-16,1.049293,0.0000
2019-05-17,1.049293,0.0000
2019-05-20,1.049293,0.0000
2019-05-21,1.049293,0.0000
2019-05-22,1.049293,0.0000
2019-05-23,1.049293,0.0000
2019-05-24,1.049293,0.0000
2019-05-27,1.049293,0.0000
2019-05-28,1.049293,0.0000
2019-05-29,1.049293,0.0000
2019-05-30,1.049293,0.0000
2019-05-31,1.049293,0.0000
2019-06-03,1.049293,0.0000
2019-06-04,1.049293,0.0000
2019-06-05,1.049293,0.0000
2019-06-06,1.049293,0.0000
2019-06-07,1.049293,0.0000
2019-06-10,1.049293,0.0000
2019-06-11,1.049293,0.0000
2019-06-12,1.049293,0.0000
2019-06-13,1.049293,0.0000
2019-06-14,1.049293,0.0000
2019-06-17,1.049293,0.0000
2019-06-18,1.049293,0.0000
2019-06-19,1.049293,0.0000
2019-06-20,1.049293,0.0000
2019-06-21,1.049293,0.0000
2019-06-24,1.049293,0.0000
2019-06-25,1.049293,0.0000
2019-06-26,1.049293,0.0000
2019-06-27,1.049293,0.0000
2019-06-28,1.049293,0.0000
2019-07-01,1.049293,0.0000
2019-07-02,1.049293,0.0000
2019-07-03,1.049293,0.0000
2019-07-04,1.049293,0.0000
2019-07-05,1.049293,0.0000
2019-07-08,1.049293,0.0000
2019-07-09,1.049293,0.0000
2019-07-10,1.049293,0.0000
2019-07-11,1.049293,0.0000
2019-07-12,1.049293,0.0000
2019-07-15,1.049293,0.0000
2019-07-16,1.049293,0.0000
2019-07-17,1.049293,0.0000
2019-07-18,1.049293,0.0000
2019-07-19,1.049293,0.0000
2019-07-22,1.049293,0.0000
2019-07-23,1.049293,0.0000
2019-07-24,1.049293,0.0000
2019-07-25,1.049293,0.0000
2019-07-26,1.049293,0.0000
2019-07-29,1.049293,0.0000
2019-07-30,1.049293,0.0000
2019-07-31,1.049293,0.0000
2019-08-01,1.049293,0.0000
2019-08-02,1.049293,0.0000
2019-08-05,1.049293,0.0000
2019-08-06,1.049293,0.0000
2019-08-07,1.049293,0.0000
2019-08-08,1.049293,0.0000
2019-08-09,1.049293,0.0000
2019-08-12,1.049293,0.0000
2019-08-13,1.049293,0.0000
2019-08-14,1.049293,0.0000
2019-08-15,1.049293,0.0000
2019-08-16,1.049293,0.0000
2019-08-19,1.049293,0.0000
2019-08-20,1.049293,0.0000
2019-08-21,1.049293,0.0000
2019-08-22,1.049293,0.0000
2019-08-23,1.049293,0.0000
2019-08-26,1.049293,0.0000
2019-08-27,1.049293,0.0000
2019-08-28,1.049293,0.0000
2019-08-29,1.049293,0.0000
2019-08-30,1.049293,0.0000
2019-09-02,1.049293,0.0000
2019-09-03,1.049293,0.0000
2019-09-04,1.049293,0.0000
2019-09-05,1.049293,0.0000
2019-09-06,1.049293,0.0000
2019-09-09,1.049293,0.0000
2019-09-10,1.049293,0.0000
2019-09-11,1.049293,0.0000
2019-09-12,1.049293,0.0000
2019-09-13,1.049293,0.0000
2019-09-16,1.049293,0.0000
2019-09-17,1.049293,0.0000
2019-09-18,1.049293,0.0000
2019-09-19,1.049293,0.0000
2019-09-20,1.049293,0.0000
2019-09-23,1.052549,0.3102
2019-09-24,1.057810,0.4998
2019-09-25,1.041806,-1.5129
2019-09-26,1.042341,0.0513
2019-09-27,1.038800,-0.3396
2019-09-30,1.038800,0.0000
2019-10-01,1.038800,0.0000
2019-10-02,1.038800,0.0000
2019-10-03,1.038800,0.0000
2019-10-04,1.038800,0.0000
2019-10-07,1.038800,0.0000
2019-10-08,1.038800,0.0000
2019-10-09,1.038800,0.0000
2019-10-10,1.038800,0.0000
2019-10-11,1.038800,0.0000
2019-10-14,1.038800,0.0000
2019-10-15,1.038800,0.0000
2019-10-16,1.038800,0.0000
2019-10-17,1.038800,0.0000
2019-10-18,1.038800,0.0000
2019-10-21,1.038800,0.0000
2019-10-22,1.038800,0.0000
2019-10-23,1.038800,0.0000
2019-10-24,1.038800,0.0000
2019-10-25,1.038800,0.0000
2019-10-28,1.038800,0.0000
2019-10-29,1.038800,0.0000
2019-10-30,1.038800,0.0000
2019-10-31,1.038800,0.0000
2019-11-01,1.038800,0.0000
2019-11-04,1.038800,0.0000
2019-11-05,1.038800,0.0000
2019-11-06,1.038800,0.0000
2019-11-07,1.038800,0.0000
2019-11-08,1.038800,0.0000
2019-11-11,1.038800,0.0000
2019-11-12,1.038800,0.0000
2019-11-13,1.038800,0.0000
2019-11-14,1.038800,0.0000
2019-11-15,1.038800,0.0000
2019-11-18,1.038800,0.0000
2019-11-19,1.038800,0.0000
2019-11-20,1.038800,0.0000
2019-11-21,1.038800,0.0000
2019-11-22,1.038800,0.0000
2019-11-25,1.038800,0.0000
2019-11-26,1.038800,0.0000
2019-11-27,1.038800,0.0000
2019-11-28,1.038800,0.0000
2019-11-29,1.038800,0.0000
2019-12-02,1.038800,0.0000
2019-12-03,1.038800,0.0000
2019-12-04,1.038800,0.0000
2019-12-05,1.038800,0.0000
2019-12-06,1.038800,0.0000
2019-12-09,1.038800,0.0000
2019-12-10,1.038800,0.0000
2019-12-11,1.038800,0.0000
2019-12-12,1.038800,0.0000
2019-12-13,1.038800,0.0000
2019-12-16,1.038800,0.0000
2019-12-17,1.038800,0.0000
2019-12-18,1.038800,0.0000
2019-12-19,1.038800,0.0000
2019-12-20,1.038800,0.0000
2019-12-23,1.038800,0.0000
2019-12-24,1.038800,0.0000
2019-12-26,1.038800,0.0000
2019-12-27,1.038800,0.0000
2019-12-30,1.038800,0.0000
2019-12-31,1.038800,0.0000
2020-01-02,1.038800,0.0000
2020-01-03,1.062684,2.2992
2020-01-06,1.062684,0.0000
2020-01-07,1.062684,0.0000
2020-01-08,1.062684,0.0000
2020-01-09,1.062684,0.0000
2020-01-10,1.062684,0.0000
2020-01-13,1.062684,0.0000
2020-01-14,1.062684,0.0000
2020-01-15,1.062684,0.0000
2020-01-16,1.062684,0.0000
2020-01-17,1.062684,0.0000
2020-01-20,1.062684,0.0000
2020-01-21,1.062684,0.0000
2020-01-22,1.062684,0.0000
2020-01-23,1.062684,0.0000
2020-01-24,1.062684,0.0000
2020-01-27,1.062684,0.0000
2020-01-28,1.062684,0.0000
2020-01-29,1.062684,0.0000
2020-01-30,1.062684,0.0000
2020-01-31,1.062684,0.0000
2020-02-03,1.062684,0.0000
2020-02-04,1.062684,0.0000
2020-02-05,1.062684,0.0000
2020-02-06,1.062684,0.0000
2020-02-07,1.062684,0.0000
2020-02-10,1.062684,0.0000
2020-02-11,1.062684,0.0000
2020-02-12,1.062684,0.0000
2020-02-13,1.061969,-0.0673
2020-02-14,1.069424,0.7020
2020-02-17,1.066688,-0.2559
2020-02-18,1.083771,1.6015
2020-02-19,1.083771,0.0000
2020-02-20,1.091888,0.7490
2020-02-21,1.108010,1.4764
2020-02-24,1.108010,0.0000
2020-02-25,1.108010,0.0000
2020-02-26,1.108010,0.0000
2020-02-27,1.108010,0.0000
2020-02-28,1.108010,0.0000
2020-03-02,1.108010,0.0000
2020-03-03,1.108010,0.0000
2020-03-04,1.108010,0.0000
2020-03-05,1.108010,0.0000
2020-03-06,1.108010,0.0000
2020-03-09,1.108010,0.0000
2020-03-10,1.108010,0.0000
2020-03-11,1.108010,0.0000
2020-03-12,1.108010,0.0000
2020-03-13,1.108010,0.0000
2020-03-16,1.108010,0.0000
2020-03-17,1.108010,0.0000
2020-03-18,1.108010,0.0000
2020-03-19,1.108010,0.0000
2020-03-20,1.108010,0.0000
2020-03-23,1.108010,0.0000
2020-03-24,1.108010,0.0000
2020-03-25,1.108010,0.0000
2020-03-26,1.108010,0.0000
2020-03-27,1.108010,0.0000
2020-03-30,1.108010,0.0000
2020-03-31,1.108010,0.0000
2020-04-01,1.108010,0.0000
2020-04-02,1.108010,0.0000
2020-04-03,1.108010,0.0000
2020-04-06,1.108010,0.0000
2020-04-07,1.108010,0.0000
2020-04-08,1.108010,0.0000
2020-04-09,1.108010,0.0000
2020-04-13,1.108010,0.0000
2020-04-14,1.108010,0.0000
2020-04-15,1.108010,0.0000
2020-04-16,1.108010,0.0000
2020-04-17,1.108010,0.0000
2020-04-20,1.108010,0.0000
2020-04-21,1.108010,0.0000
2020-04-22,1.112168,0.3753
2020-04-23,1.119678,0.6753
2020-04-24,1.117781,-0.1694
2020-04-27,1.112202,-0.4991
2020-04-28,1.108656,-0.3188
2020-04-29,1.111205,0.2299
2020-04-30,1.096929,-1.2847
2020-05-01,1.096929,0.0000
2020-05-04,1.096929,0.0000
2020-05-05,1.096929,0.0000
2020-05-06,1.096929,0.0000
2020-05-07,1.096929,0.0000
2020-05-08,1.096929,0.0000
2020-05-11,1.096929,0.0000
2020-05-12,1.096929,0.0000
2020-05-13,1.096929,0.0000
2020-05-14,1.096929,0.0000
2020-05-15,1.096929,0.0000
2020-05-18,1.096929,0.0000
2020-05-19,1.096929,0.0000
2020-05-20,1.096929,0.0000
2020-05-21,1.096929,0.0000
2020-05-22,1.096929,0.0000
2020-05-25,1.096929,0.0000
2020-05-26,1.096929,0.0000
2020-05-27,1.096929,0.0000
2020-05-28,1.096929,0.0000
2020-05-29,1.094442,-0.2268
2020-06-01,1.101000,0.5992
2020-06-02,1.092302,-0.7901
2020-06-03,1.085960,-0.5806
2020-06-04,1.085960,0.0000
2020-06-05,1.085960,0.0000
2020-06-08,1.085960,0.0000
2020-06-09,1.085960,0.0000
2020-06-10,1.085960,0.0000
2020-06-11,1.085960,0.0000
2020-06-12,1.085960,0.0000
2020-06-15,1.085960,0.0000
2020-06-16,1.085960,0.0000
2020-06-17,1.085960,0.0000
2020-06-18,1.085960,0.0000
2020-06-19,1.085960,0.0000
2020-06-22,1.085960,0.0000
2020-06-23,1.085960,0.0000
2020-06-24,1.085960,0.0000
2020-06-25,1.085960,0.0000
2020-06-26,1.085960,0.0000
2020-06-29,1.085960,0.0000
2020-06-30,1.085960,0.0000
2020-07-01,1.085960,0.0000
2020-07-02,1.085960,0.0000
2020-07-03,1.085960,0.0000
2020-07-06,1.085960,0.0000
2020-07-07,1.085960,0.0000
2020-07-08,1.085960,0.0000
2020-07-09,1.085960,0.0000
2020-07-10,1.085960,0.0000
2020-07-13,1.085960,0.0000
2020-07-14,1.085960,0.0000
2020-07-15,1.085960,0.0000
2020-07-16,1.085960,0.0000
2020-07-17,1.085960,0.0000
2020-07-20,1.085960,0.0000
2020-07-21,1.085960,0.0000
2020-07-22,1.096517,0.9721
2020-07-23,1.106386,0.9000
2020-07-24,1.106386,0.0000
2020-07-27,1.130615,2.1899
2020-07-28,1.130615,0.0000
2020-07-29,1.130615,0.0000
2020-07-30,1.130615,0.0000
2020-07-31,1.130615,0.0000
2020-08-03,1.130615,0.0000
2020-08-04,1.130615,0.0000
2020-08-05,1.130615,0.0000
2020-08-06,1.130615,0.0000
2020-08-07,1.130615,0.0000
2020-08-10,1.130615,0.0000
2020-08-11,1.130615,0.0000
2020-08-12,1.130615,0.0000
2020-08-13,1.130615,0.0000
2020-08-14,1.130615,0.0000
2020-08-17,1.130615,0.0000
2020-08-18,1.130615,0.0000
2020-08-19,1.130615,0.0000
2020-08-20,1.130615,0.0000
2020-08-21,1.130615,0.0000
2020-08-24,1.130615,0.0000
2020-08-25,1.130615,0.0000
2020-08-26,1.130615,0.0000
2020-08-27,1.130615,0.0000
2020-08-28,1.130615,0.0000
2020-08-31,1.130615,0.0000
2020-09-01,1.130615,0.0000
2020-09-02,1.130615,0.0000
2020-09-03,1.130615,0.0000
2020-09-04,1.130615,0.0000
2020-09-07,1.130615,0.0000
2020-09-08,1.130615,0.0000
2020-09-09,1.130615,0.0000
2020-09-10,1.130615,0.0000
2020-09-11,1.130615,0.0000
2020-09-14,1.130615,0.0000
2020-09-15,1.130615,0.0000
2020-09-16,1.130615,0.0000
2020-09-17,1.130615,0.0000
2020-09-18,1.130615,0.0000
2020-09-21,1.130615,0.0000
2020-09-22,1.130615,0.0000
2020-09-23,1.130615,0.0000
2020-09-24,1.130615,0.0000
2020-09-25,1.130615,0.0000
2020-09-28,1.130615,0.0000
2020-09-29,1.130615,0.0000
2020-09-30,1.130615,0.0000
2020-10-01,1.131858,0.1099
2020-10-02,1.128610,-0.2869
2020-10-05,1.136529,0.7017
2020-10-06,1.119309,-1.5151
2020-10-07,1.119309,0.0000
2020-10-08,1.119309,0.0000
2020-10-09,1.119309,0.0000
2020-10-12,1.119309,0.0000
2020-10-13,1.119309,0.0000
2020-10-14,1.119309,0.0000
2020-10-15,1.119309,0.0000
2020-10-16,1.119309,0.0000
2020-10-19,1.119309,0.0000
2020-10-20,1.119309,0.0000
2020-10-21,1.119309,0.0000
2020-10-22,1.119309,0.0000
2020-10-23,1.119309,0.0000
2020-10-26,1.119309,0.0000
2020-10-27,1.119309,0.0000
2020-10-28,1.119309,0.0000
2020-10-29,1.119309,0.0000
2020-10-30,1.119309,0.0000
2020-11-02,1.119309,0.0000
2020-11-03,1.119309,0.0000
2020-11-04,1.119309,0.0000
2020-11-05,1.119309,0.0000
2020-11-06,1.119309,0.0000
2020-11-09,1.119309,0.0000
2020-11-10,1.119309,0.0000
2020-11-11,1.119309,0.0000
2020-11-12,1.119309,0.0000
2020-11-13,1.119309,0.0000
2020-11-16,1.119309,0.0000
2020-11-17,1.119309,0.0000
2020-11-18,1.119309,0.0000
2020-11-19,1.119309,0.0000
2020-11-20,1.119309,0.0000
2020-11-23,1.119309,0.0000
2020-11-24,1.119309,0.0000
2020-11-25,1.119309,0.0000
2020-11-26,1.119309,0.0000
2020-11-27,1.119309,0.0000
2020-11-30,1.119309,0.0000
2020-12-01,1.119309,0.0000
2020-12-02,1.119309,0.0000
2020-12-03,1.119309,0.0000
2020-12-04,1.119309,0.0000
2020-12-07,1.119309,0.0000
2020-12-08,1.119309,0.0000
2020-12-09,1.119309,0.0000
2020-12-10,1.119309,0.0000
2020-12-11,1.119309,0.0000
2020-12-14,1.119309,0.0000
2020-12-15,1.119603,0.0262
2020-12-16,1.124219,0.4124
2020-12-17,1.136016,1.0494
2020-12-18,1.136016,0.0000
2020-12-21,1.124656,-1.0000
2020-12-22,1.124656,0.0000
2020-12-23,1.124656,0.0000
2020-12-24,1.124656,0.0000
2020-12-28,1.124656,0.0000
2020-12-29,1.124656,0.0000
2020-12-30,1.124656,0.0000
2020-12-31,1.124656,0.0000
2021-01-04,1.124656,0.0000
2021-01-05,1.124656,0.0000
2021-01-06,1.124656,0.0000
2021-01-07,1.124656,0.0000
2021-01-08,1.124656,0.0000
2021-01-11,1.124656,0.0000
2021-01-12,1.124656,0.0000
2021-01-13,1.124656,0.0000
2021-01-14,1.124656,0.0000
2021-01-15,1.124656,0.0000
2021-01-18,1.124656,0.0000
2021-01-19,1.124656,0.0000
2021-01-20,1.128476,0.3397
2021-01-21,1.127708,-0.0680
2021-01-22,1.113410,-1.2679
2021-01-25,1.113410,0.0000
2021-01-26,1.113410,0.0000
2021-01-27,1.113410,0.0000
2021-01-28,1.113410,0.0000
2021-01-29,1.102276,-1.0000
2021-02-01,1.102276,0.0000
2021-02-02,1.102276,0.0000
2021-02-03,1.102276,0.0000
2021-02-04,1.102276,0.0000
2021-02-05,1.102276,0.0000
2021-02-08,1.102276,0.0000
2021-02-09,1.102276,0.0000
2021-02-10,1.102276,0.0000
2021-02-11,1.102276,0.0000
2021-02-12,1.102276,0.0000
2021-02-15,1.102276,0.0000
2021-02-16,1.102276,0.0000
2021-02-17,1.102276,0.0000
2021-02-18,1.102276,0.0000
2021-02-19,1.102276,0.0000
2021-02-22,1.102276,0.0000
2021-02-23,1.102276,0.0000
2021-02-24,1.102276,0.0000
2021-02-25,1.102276,0.0000
2021-02-26,1.102276,0.0000
2021-03-01,1.102276,0.0000
2021-03-02,1.102276,0.0000
2021-03-03,1.102276,0.0000
2021-03-04,1.102276,0.0000
2021-03-05,1.102276,0.0000
2021-03-08,1.102276,0.0000
2021-03-09,1.102276,0.0000
2021-03-10,1.102276,0.0000
2021-03-11,1.102276,0.0000
2021-03-12,1.102276,0.0000
2021-03-15,1.102276,0.0000
2021-03-16,1.102276,0.0000
2021-03-17,1.102276,0.0000
2021-03-18,1.102276,0.0000
2021-03-19,1.102276,0.0000
2021-03-22,1.102276,0.0000
2021-03-23,1.102276,0.0000
2021-03-24,1.102276,0.0000
2021-03-25,1.102276,0.0000
2021-03-26,1.102276,0.0000
2021-03-29,1.102276,0.0000
2021-03-30,1.102276,0.0000
2021-03-31,1.102276,0.0000
2021-04-01,1.102276,0.0000
2021-04-05,1.102276,0.0000
2021-04-06,1.102276,0.0000
2021-04-07,1.102276,0.0000
2021-04-08,1.102276,0.0000
2021-04-09,1.102276,0.0000
2021-04-12,1.102276,0.0000
2021-04-13,1.102276,0.0000
2021-04-14,1.102276,0.0000
2021-04-15,1.102276,0.0000
2021-04-16,1.102276,0.0000
2021-04-19,1.102276,0.0000
2021-04-20,1.102276,0.0000
2021-04-21,1.102276,0.0000
2021-04-22,1.091253,-1.0000
2021-04-23,1.091253,0.0000
2021-04-26,1.091253,0.0000
2021-04-27,1.091253,0.0000
2021-04-28,1.091253,0.0000
2021-04-29,1.091253,0.0000
2021-04-30,1.091253,0.0000
2021-05-03,1.091253,0.0000
2021-05-04,1.091253,0.0000
2021-05-05,1.091253,0.0000
2021-05-06,1.091253,0.0000
2021-05-07,1.091253,0.0000
2021-05-10,1.091253,0.0000
2021-05-11,1.091253,0.0000
2021-05-12,1.091253,0.0000
2021-05-13,1.091253,0.0000
2021-05-14,1.091253,0.0000
2021-05-17,1.107635,1.5013
2021-05-18,1.109690,0.1855
2021-05-19,1.113944,0.3834
2021-05-20,1.113944,0.0000
2021-05-21,1.113944,0.0000
2021-05-24,1.113944,0.0000
2021-05-25,1.113944,0.0000
2021-05-26,1.113944,0.0000
2021-05-27,1.113944,0.0000
2021-05-28,1.113944,0.0000
2021-05-31,1.113944,0.0000
2021-06-01,1.113944,0.0000
2021-06-02,1.113944,0.0000
2021-06-03,1.113944,0.0000
2021-06-04,1.113944,0.0000
2021-06-07,1.113944,0.0000
2021-06-08,1.113944,0.0000
2021-06-09,1.113944,0.0000
2021-06-10,1.113944,0.0000
2021-06-11,1.113944,0.0000
2021-06-14,1.113944,0.0000
2021-06-15,1.113944,0.0000
2021-06-16,1.113944,0.0000
2021-06-17,1.113944,0.0000
2021-06-18,1.113944,0.0000
2021-06-21,1.113944,0.0000
2021-06-22,1.113944,0.0000
2021-06-23,1.113944,0.0000
2021-06-24,1.113944,0.0000
2021-06-25,1.113944,0.0000
2021-06-28,1.113944,0.0000
2021-06-29,1.113944,0.0000
2021-06-30,1.113944,0.0000
2021-07-01,1.113944,0.0000
2021-07-02,1.113944,0.0000
2021-07-05,1.113944,0.0000
2021-07-06,1.113944,0.0000
2021-07-07,1.113944,0.0000
2021-07-08,1.113944,0.0000
2021-07-09,1.113944,0.0000
2021-07-12,1.113944,0.0000
2021-07-13,1.113944,0.0000
2021-07-14,1.113944,0.0000
2021-07-15,1.113944,0.0000
2021-07-16,1.113944,0.0000
2021-07-19,1.113944,0.0000
2021-07-20,1.113944,0.0000
2021-07-21,1.113944,0.0000
2021-07-22,1.113944,0.0000
2021-07-23,1.113944,0.0000
2021-07-26,1.113944,0.0000
2021-07-27,1.113944,0.0000
2021-07-28,1.113944,0.0000
2021-07-29,1.113944,0.0000
2021-07-30,1.113944,0.0000
2021-08-02,1.113944,0.0000
2021-08-03,1.113944,0.0000
2021-08-04,1.113944,0.0000
2021-08-05,1.113944,0.0000
2021-08-06,1.113944,0.0000
2021-08-09,1.113944,0.0000
2021-08-10,1.113944,0.0000
2021-08-11,1.113944,0.0000
2021-08-12,1.113944,0.0000
2021-08-13,1.113944,0.0000
2021-08-16,1.113944,0.0000
2021-08-17,1.113944,0.0000
2021-08-18,1.113944,0.0000
2021-08-19,1.113944,0.0000
2021-08-20,1.113944,0.0000
2021-08-23,1.113944,0.0000
2021-08-24,1.113944,0.0000
2021-08-25,1.113944,0.0000
2021-08-26,1.113944,0.0000
2021-08-27,1.113944,0.0000
2021-08-30,1.113944,0.0000
2021-08-31,1.113944,0.0000
2021-09-01,1.113944,0.0000
2021-09-02,1.113944,0.0000
2021-09-03,1.113944,0.0000
2021-09-06,1.113944,0.0000
2021-09-07,1.113944,0.0000
2021-09-08,1.113944,0.0000
2021-09-09,1.113944,0.0000
2021-09-10,1.113944,0.0000
2021-09-13,1.113944,0.0000
2021-09-14,1.113944,0.0000
2021-09-15,1.113944,0.0000
2021-09-16,1.113944,0.0000
2021-09-17,1.113944,0.0000
2021-09-20,1.113944,0.0000
2021-09-21,1.113944,0.0000
2021-09-22,1.113944,0.0000
2021-09-23,1.113944,0.0000
2021-09-24,1.113944,0.0000
2021-09-27,1.113944,0.0000
2021-09-28,1.113944,0.0000
2021-09-29,1.113944,0.0000
2021-09-30,1.113944,0.0000
2021-10-01,1.113944,0.0000
2021-10-04,1.113944,0.0000
2021-10-05,1.113944,0.0000
2021-10-06,1.113944,0.0000
2021-10-07,1.113944,0.0000
2021-10-08,1.113944,0.0000
2021-10-11,1.113944,0.0000
2021-10-12,1.113944,0.0000
2021-10-13,1.113944,0.0000
2021-10-14,1.113944,0.0000
2021-10-15,1.113944,0.0000
2021-10-18,1.113944,0.0000
2021-10-19,1.105714,-0.7389
2021-10-20,1.114238,0.7709
2021-10-21,1.115060,0.0738
2021-10-22,1.121158,0.5469
2021-10-25,1.130784,0.8586
2021-10-26,1.121373,-0.8323
2021-10-27,1.123910,0.2262
2021-10-28,1.125162,0.1114
2021-10-29,1.114838,-0.9176
2021-11-01,1.121503,0.5979
2021-11-02,1.117551,-0.3524
2021-11-03,1.117551,0.0000
2021-11-04,1.117551,0.0000
2021-11-05,1.117551,0.0000
2021-11-08,1.117551,0.0000
2021-11-09,1.117551,0.0000
2021-11-10,1.117551,0.0000
2021-11-11,1.117551,0.0000
2021-11-12,1.117551,0.0000
2021-11-15,1.117551,0.0000
2021-11-16,1.117551,0.0000
2021-11-17,1.117551,0.0000
2021-11-18,1.117551,0.0000
2021-11-19,1.117551,0.0000
2021-11-22,1.117551,0.0000
2021-11-23,1.117551,0.0000
2021-11-24,1.117551,0.0000
2021-11-25,1.117551,0.0000
2021-11-26,1.117551,0.0000
2021-11-29,1.117551,0.0000
2021-11-30,1.117551,0.0000
2021-12-01,1.117551,0.0000
2021-12-02,1.117551,0.0000
2021-12-03,1.117551,0.0000
2021-12-06,1.117551,0.0000
2021-12-07,1.117551,0.0000
2021-12-08,1.117551,0.0000
2021-12-09,1.117551,0.0000
2021-12-10,1.117551,0.0000
2021-12-13,1.117551,0.0000
2021-12-14,1.117551,0.0000
2021-12-15,1.117551,0.0000
2021-12-16,1.117551,0.0000
2021-12-17,1.117551,0.0000
2021-12-20,1.117551,0.0000
2021-12-21,1.117551,0.0000
2021-12-22,1.117551,0.0000
2021-12-23,1.117551,0.0000
2021-12-27,1.117551,0.0000
2021-12-28,1.117551,0.0000
2021-12-29,1.117551,0.0000
2021-12-30,1.117551,0.0000
2021-12-31,1.117551,0.0000
2022-01-03,1.117551,0.0000
2022-01-04,1.118029,0.0428
2022-01-05,1.114638,-0.3034
2022-01-06,1.106376,-0.7412
2022-01-07,1.106376,0.0000
2022-01-10,1.106376,0.0000
2022-01-11,1.108860,0.2246
2022-01-12,1.112093,0.2915
2022-01-13,1.109739,-0.2117
2022-01-14,1.106190,-0.3197
2022-01-17,1.107268,0.0974
2022-01-18,1.103555,-0.3353
2022-01-19,1.122038,1.6749
2022-01-20,1.124098,0.1836
2022-01-21,1.124098,0.0000
2022-01-24,1.124098,0.0000
2022-01-25,1.124098,0.0000
2022-01-26,1.124098,0.0000
2022-01-27,1.124098,0.0000
2022-01-28,1.124098,0.0000
2022-01-31,1.124098,0.0000
2022-02-01,1.124098,0.0000
2022-02-02,1.124098,0.0000
2022-02-03,1.124098,0.0000
2022-02-04,1.124098,0.0000
2022-02-07,1.124098,0.0000
2022-02-08,1.124098,0.0000
2022-02-09,1.124098,0.0000
2022-02-10,1.124098,0.0000
2022-02-11,1.138625,1.2923
2022-02-14,1.147525,0.7817
2022-02-15,1.147525,0.0000
2022-02-16,1.147525,0.0000
2022-02-17,1.147525,0.0000
2022-02-18,1.147525,0.0000
2022-02-21,1.147525,0.0000
2022-02-22,1.147525,0.0000
2022-02-23,1.147525,0.0000
2022-02-24,1.147525,0.0000
2022-02-25,1.147525,0.0000
2022-02-28,1.147525,0.0000
2022-03-01,1.147525,0.0000
2022-03-02,1.147525,0.0000
2022-03-03,1.147525,0.0000
2022-03-04,1.147525,0.0000
2022-03-07,1.147525,0.0000
2022-03-08,1.147525,0.0000
2022-03-09,1.147525,0.0000
2022-03-10,1.147525,0.0000
2022-03-11,1.147525,0.0000
2022-03-14,1.147525,0.0000
2022-03-15,1.147525,0.0000
2022-03-16,1.147525,0.0000
2022-03-17,1.147525,0.0000
2022-03-18,1.147525,0.0000
2022-03-21,1.147525,0.0000
2022-03-22,1.147525,0.0000
2022-03-23,1.147525,0.0000
2022-03-24,1.147525,0.0000
2022-03-25,1.147525,0.0000
2022-03-28,1.147525,0.0000
2022-03-29,1.147525,0.0000
2022-03-30,1.147525,0.0000
2022-03-31,1.147525,0.0000
2022-04-01,1.147525,0.0000
2022-04-04,1.147525,0.0000
2022-04-05,1.147525,0.0000
2022-04-06,1.147525,0.0000
2022-04-07,1.147525,0.0000
2022-04-08,1.147525,0.0000
2022-04-11,1.147525,0.0000
2022-04-12,1.147525,0.0000
2022-04-13,1.147525,0.0000
2022-04-14,1.147525,0.0000
2022-04-18,1.147525,0.0000
2022-04-19,1.147525,0.0000
2022-04-20,1.147525,0.0000
2022-04-21,1.147525,0.0000
2022-04-22,1.147525,0.0000
2022-04-25,1.147525,0.0000
2022-04-26,1.147525,0.0000
2022-04-27,1.147525,0.0000
2022-04-28,1.147525,0.0000
2022-04-29,1.147525,0.0000
2022-05-02,1.147525,0.0000
2022-05-03,1.147525,0.0000
2022-05-04,1.147525,0.0000
2022-05-05,1.147525,0.0000
2022-05-06,1.147525,0.0000
2022-05-09,1.147525,0.0000
2022-05-10,1.147525,0.0000
2022-05-11,1.147525,0.0000
2022-05-12,1.147525,0.0000
2022-05-13,1.147525,0.0000
2022-05-16,1.147525,0.0000
2022-05-17,1.147525,0.0000
2022-05-18,1.147525,0.0000
2022-05-19,1.147525,0.0000
2022-05-20,1.147525,0.0000
2022-05-23,1.147525,0.0000
2022-05-24,1.147525,0.0000
2022-05-25,1.147525,0.0000
2022-05-26,1.147525,0.0000
2022-05-27,1.147525,0.0000
2022-05-30,1.147525,0.0000
2022-05-31,1.147525,0.0000
2022-06-01,1.147525,0.0000
2022-06-02,1.147525,0.0000
2022-06-03,1.147525,0.0000
2022-06-06,1.147525,0.0000
2022-06-07,1.147525,0.0000
2022-06-08,1.147525,0.0000
2022-06-09,1.147525,0.0000
2022-06-10,1.147525,0.0000
2022-06-13,1.147525,0.0000
2022-06-14,1.147525,0.0000
2022-06-15,1.147525,0.0000
2022-06-16,1.151602,0.3552
2022-06-17,1.140585,-0.9566
2022-06-20,1.139229,-0.1189
2022-06-21,1.136050,-0.2790
2022-06-22,1.136050,0.0000
2022-06-23,1.136050,0.0000
2022-06-24,1.136050,0.0000
2022-06-27,1.136050,0.0000
2022-06-28,1.136050,0.0000
2022-06-29,1.136050,0.0000
2022-06-30,1.136050,0.0000
2022-07-01,1.136050,0.0000
2022-07-04,1.136050,0.0000
2022-07-05,1.136050,0.0000
2022-07-06,1.136050,0.0000
2022-07-07,1.136050,0.0000
2022-07-08,1.136050,0.0000
2022-07-11,1.136050,0.0000
2022-07-12,1.136050,0.0000
2022-07-13,1.136050,0.0000
2022-07-14,1.136050,0.0000
2022-07-15,1.136050,0.0000
2022-07-18,1.136050,0.0000
2022-07-19,1.136050,0.0000
2022-07-20,1.136050,0.0000
2022-07-21,1.136050,0.0000
2022-07-22,1.136050,0.0000
2022-07-25,1.136050,0.0000
2022-07-26,1.136050,0.0000
2022-07-27,1.136050,0.0000
2022-07-28,1.136050,0.0000
2022-07-29,1.136050,0.0000
2022-08-01,1.136050,0.0000
2022-08-02,1.136050,0.0000
2022-08-03,1.136050,0.0000
2022-08-04,1.136050,0.0000
2022-08-05,1.136050,0.0000
2022-08-08,1.136050,0.0000
2022-08-09,1.136050,0.0000
2022-08-10,1.136050,0.0000
2022-08-11,1.136050,0.0000
2022-08-12,1.136050,0.0000
2022-08-15,1.136050,0.0000
2022-08-16,1.136050,0.0000
2022-08-17,1.136050,0.0000
2022-08-18,1.136050,0.0000
2022-08-19,1.136050,0.0000
2022-08-22,1.136050,0.0000
2022-08-23,1.136050,0.0000
2022-08-24,1.136050,0.0000
2022-08-25,1.136050,0.0000
2022-08-26,1.136050,0.0000
2022-08-29,1.136050,0.0000
2022-08-30,1.136050,0.0000
2022-08-31,1.136050,0.0000
2022-09-01,1.136050,0.0000
2022-09-02,1.136050,0.0000
2022-09-05,1.136050,0.0000
2022-09-06,1.124689,-1.0000
2022-09-07,1.124689,0.0000
2022-09-08,1.124689,0.0000
2022-09-09,1.120609,-0.3628
2022-09-12,1.127274,0.5948
2022-09-13,1.113443,-1.2270
2022-09-14,1.113443,0.0000
2022-09-15,1.113443,0.0000
2022-09-16,1.113443,0.0000
2022-09-19,1.113443,0.0000
2022-09-20,1.113443,0.0000
2022-09-21,1.113443,0.0000
2022-09-22,1.113443,0.0000
2022-09-23,1.113443,0.0000
2022-09-26,1.113443,0.0000
2022-09-27,1.113443,0.0000
2022-09-28,1.113443,0.0000
2022-09-29,1.113443,0.0000
2022-09-30,1.113443,0.0000
2022-10-03,1.113443,0.0000
2022-10-04,1.113443,0.0000
2022-10-05,1.113443,0.0000
2022-10-06,1.113443,0.0000
2022-10-07,1.113443,0.0000
2022-10-10,1.113443,0.0000
2022-10-11,1.113443,0.0000
2022-10-12,1.113443,0.0000
2022-10-13,1.113443,0.0000
2022-10-14,1.113443,0.0000
2022-10-17,1.113443,0.0000
2022-10-18,1.113443,0.0000
2022-10-19,1.113443,0.0000
2022-10-20,1.113443,0.0000
2022-10-21,1.113443,0.0000
2022-10-24,1.113443,0.0000
2022-10-25,1.113443,0.0000
2022-10-26,1.113443,0.0000
2022-10-27,1.113443,0.0000
2022-10-28,1.113443,0.0000
2022-10-31,1.113443,0.0000
2022-11-01,1.113443,0.0000
2022-11-02,1.113443,0.0000
2022-11-03,1.113443,0.0000
2022-11-04,1.113443,0.0000
2022-11-07,1.113443,0.0000
2022-11-08,1.113443,0.0000
2022-11-09,1.113443,0.0000
2022-11-10,1.122758,0.8366
2022-11-11,1.128936,0.5502
2022-11-14,1.129331,0.0351
2022-11-15,1.131526,0.1943
2022-11-16,1.131526,0.0000
2022-11-17,1.131526,0.0000
2022-11-18,1.131526,0.0000
2022-11-21,1.131526,0.0000
2022-11-22,1.131526,0.0000
2022-11-23,1.131526,0.0000
2022-11-24,1.131526,0.0000
2022-11-25,1.131526,0.0000
2022-11-28,1.131526,0.0000
2022-11-29,1.131526,0.0000
2022-11-30,1.131526,0.0000
2022-12-01,1.131526,0.0000
2022-12-02,1.131526,0.0000
2022-12-05,1.131526,0.0000
2022-12-06,1.131526,0.0000
2022-12-07,1.131526,0.0000
2022-12-08,1.131526,0.0000
2022-12-09,1.131526,0.0000
2022-12-12,1.131526,0.0000
2022-12-13,1.131526,0.0000
2022-12-14,1.131526,0.0000
2022-12-15,1.131526,0.0000
2022-12-16,1.131526,0.0000
2022-12-19,1.131526,0.0000
2022-12-20,1.131526,0.0000
2022-12-21,1.131526,0.0000
2022-12-22,1.131526,0.0000
2022-12-23,1.131526,0.0000
2022-12-27,1.131526,0.0000
2022-12-28,1.131526,0.0000
2022-12-29,1.131526,0.0000
2022-12-30,1.131526,0.0000
2023-01-03,1.131526,0.0000
2023-01-04,1.131526,0.0000
2023-01-05,1.131526,0.0000
2023-01-06,1.139734,0.7254
2023-01-09,1.143060,0.2918
2023-01-10,1.146149,0.2703
2023-01-11,1.149813,0.3196
2023-01-12,1.149813,0.0000
2023-01-13,1.149813,0.0000
2023-01-16,1.149813,0.0000
2023-01-17,1.149813,0.0000
2023-01-18,1.149813,0.0000
2023-01-19,1.158172,0.7270
2023-01-20,1.153768,-0.3802
2023-01-23,1.157270,0.3035
2023-01-24,1.161822,0.3934
2023-01-25,1.168086,0.5391
2023-01-26,1.155913,-1.0421
2023-01-27,1.155459,-0.0393
2023-01-30,1.151858,-0.3116
2023-01-31,1.138314,-1.1758
2023-02-01,1.138314,0.0000
2023-02-02,1.126931,-1.0000
2023-02-03,1.126931,0.0000
2023-02-06,1.126931,0.0000
2023-02-07,1.126931,0.0000
2023-02-08,1.126931,0.0000
2023-02-09,1.126931,0.0000
2023-02-10,1.126931,0.0000
2023-02-13,1.126931,0.0000
2023-02-14,1.126931,0.0000
2023-02-15,1.126931,0.0000
2023-02-16,1.126931,0.0000
2023-02-17,1.126931,0.0000
2023-02-20,1.126931,0.0000
2023-02-21,1.126931,0.0000
2023-02-22,1.126931,0.0000
2023-02-23,1.126931,0.0000
2023-02-24,1.126931,0.0000
2023-02-27,1.126931,0.0000
2023-02-28,1.126931,0.0000
2023-03-01,1.126931,0.0000
2023-03-02,1.126931,0.0000
2023-03-03,1.126931,0.0000
2023-03-06,1.126931,0.0000
2023-03-07,1.126931,0.0000
2023-03-08,1.126931,0.0000
2023-03-09,1.126931,0.0000
2023-03-10,1.126931,0.0000
2023-03-13,1.126931,0.0000
2023-03-14,1.126931,0.0000
2023-03-15,1.126931,0.0000
2023-03-16,1.126931,0.0000
2023-03-17,1.126931,0.0000
2023-03-20,1.126931,0.0000
2023-03-21,1.126931,0.0000
2023-03-22,1.126931,0.0000
2023-03-23,1.126931,0.0000
2023-03-24,1.126931,0.0000
2023-03-27,1.126931,0.0000
2023-03-28,1.126931,0.0000
2023-03-29,1.126931,0.0000
2023-03-30,1.126931,0.0000
2023-03-31,1.126931,0.0000
2023-04-03,1.126931,0.0000
2023-04-04,1.126931,0.0000
2023-04-05,1.126931,0.0000
2023-04-06,1.126931,0.0000
2023-04-10,1.126931,0.0000
2023-04-11,1.126931,0.0000
2023-04-12,1.126931,0.0000
2023-04-13,1.126931,0.0000
2023-04-14,1.126931,0.0000
2023-04-17,1.126931,0.0000
2023-04-18,1.126931,0.0000
2023-04-19,1.126931,0.0000
2023-04-20,1.126931,0.0000
2023-04-21,1.126931,0.0000
2023-04-24,1.126931,0.0000
2023-04-25,1.126931,0.0000
2023-04-26,1.126931,0.0000
2023-04-27,1.126931,0.0000
2023-04-28,1.126931,0.0000
2023-05-01,1.126931,0.0000
2023-05-02,1.126931,0.0000
2023-05-03,1.126931,0.0000
2023-05-04,1.126931,0.0000
2023-05-05,1.126931,0.0000
2023-05-08,1.126931,0.0000
2023-05-09,1.126931,0.0000
2023-05-10,1.126931,0.0000
2023-05-11,1.126931,0.0000
2023-05-12,1.126931,0.0000
2023-05-15,1.126931,0.0000
2023-05-16,1.126931,0.0000
2023-05-17,1.126931,0.0000
2023-05-18,1.126931,0.0000
2023-05-19,1.126931,0.0000
2023-05-22,1.126931,0.0000
2023-05-23,1.126931,0.0000
2023-05-24,1.126931,0.0000
2023-05-25,1.126931,0.0000
2023-05-26,1.126931,0.0000
2023-05-29,1.126931,0.0000
2023-05-30,1.126931,0.0000
2023-05-31,1.126931,0.0000
2023-06-01,1.126931,0.0000
2023-06-02,1.126931,0.0000
2023-06-05,1.126931,0.0000
2023-06-06,1.126931,0.0000
2023-06-07,1.126931,0.0000
2023-06-08,1.130252,0.2947
2023-06-09,1.127411,-0.2514
2023-06-12,1.125630,-0.1579
2023-06-13,1.117699,-0.7046
2023-06-14,1.115662,-0.1823
2023-06-15,1.115662,0.0000
2023-06-16,1.115662,0.0000
2023-06-19,1.115662,0.0000
2023-06-20,1.115662,0.0000
2023-06-21,1.115662,0.0000
2023-06-22,1.115662,0.0000
2023-06-23,1.115662,0.0000
2023-06-26,1.115662,0.0000
2023-06-27,1.115662,0.0000
2023-06-28,1.115662,0.0000
2023-06-29,1.115662,0.0000
2023-06-30,1.115662,0.0000
2023-07-03,1.115662,0.0000
2023-07-04,1.115662,0.0000
2023-07-05,1.115662,0.0000
2023-07-06,1.115662,0.0000
2023-07-07,1.115662,0.0000
2023-07-10,1.115662,0.0000
2023-07-11,1.115662,0.0000
2023-07-12,1.115662,0.0000
2023-07-13,1.115662,0.0000
2023-07-14,1.115662,0.0000
2023-07-17,1.115662,0.0000
2023-07-18,1.115662,0.0000
2023-07-19,1.115662,0.0000
2023-07-20,1.115662,0.0000
2023-07-21,1.115662,0.0000
2023-07-24,1.115662,0.0000
2023-07-25,1.115662,0.0000
2023-07-26,1.115662,0.0000
2023-07-27,1.115662,0.0000
2023-07-28,1.115662,0.0000
2023-07-31,1.115662,0.0000
2023-08-01,1.115662,0.0000
2023-08-02,1.115662,0.0000
2023-08-03,1.115662,0.0000
2023-08-04,1.115662,0.0000
2023-08-07,1.115662,0.0000
2023-08-08,1.115662,0.0000
2023-08-09,1.115662,0.0000
2023-08-10,1.115662,0.0000
2023-08-11,1.115662,0.0000
2023-08-14,1.115662,0.0000
2023-08-15,1.115662,0.0000
2023-08-16,1.115662,0.0000
2023-08-17,1.115662,0.0000
2023-08-18,1.115662,0.0000
2023-08-21,1.115662,0.0000
2023-08-22,1.115662,0.0000
2023-08-23,1.115662,0.0000
2023-08-24,1.115662,0.0000
2023-08-25,1.115662,0.0000
2023-08-28,1.115662,0.0000
2023-08-29,1.115662,0.0000
2023-08-30,1.115662,0.0000
2023-08-31,1.115662,0.0000
2023-09-01,1.115662,0.0000
2023-09-04,1.115662,0.0000
2023-09-05,1.115662,0.0000
2023-09-06,1.115662,0.0000
2023-09-07,1.115662,0.0000
2023-09-08,1.115662,0.0000
2023-09-11,1.115662,0.0000
2023-09-12,1.115662,0.0000
2023-09-13,1.115662,0.0000
2023-09-14,1.115662,0.0000
2023-09-15,1.115662,0.0000
2023-09-18,1.115662,0.0000
2023-09-19,1.115662,0.0000
2023-09-20,1.115662,0.0000
2023-09-21,1.115662,0.0000
2023-09-22,1.115662,0.0000
2023-09-25,1.115662,0.0000
2023-09-26,1.115662,0.0000
2023-09-27,1.115662,0.0000
2023-09-28,1.115662,0.0000
2023-09-29,1.115662,0.0000
2023-10-02,1.115662,0.0000
2023-10-03,1.115662,0.0000
2023-10-04,1.115662,0.0000
2023-10-05,1.115662,0.0000
2023-10-06,1.115662,0.0000
2023-10-09,1.115662,0.0000
2023-10-10,1.115662,0.0000
2023-10-11,1.115410,-0.0226
2023-10-12,1.111048,-0.3911
2023-10-13,1.140340,2.6364
2023-10-16,1.140340,0.0000
2023-10-17,1.140340,0.0000
2023-10-18,1.140340,0.0000
2023-10-19,1.140340,0.0000
2023-10-20,1.140340,0.0000
2023-10-23,1.140340,0.0000
2023-10-24,1.140340,0.0000
2023-10-25,1.140340,0.0000
2023-10-26,1.140340,0.0000
2023-10-27,1.140340,0.0000
2023-10-30,1.135014,-0.4671
2023-10-31,1.128937,-0.5354
2023-11-01,1.128937,0.0000
2023-11-02,1.128937,0.0000
2023-11-03,1.128937,0.0000
2023-11-06,1.128937,0.0000
2023-11-07,1.128937,0.0000
2023-11-08,1.128937,0.0000
2023-11-09,1.128937,0.0000
2023-11-10,1.128937,0.0000
2023-11-13,1.128937,0.0000
2023-11-14,1.128937,0.0000
2023-11-15,1.128937,0.0000
2023-11-16,1.128937,0.0000
2023-11-17,1.128937,0.0000
2023-11-20,1.128937,0.0000
2023-11-21,1.133953,0.4443
2023-11-22,1.127268,-0.5895
2023-11-23,1.129617,0.2084
2023-11-24,1.137172,0.6688
2023-11-27,1.146547,0.8244
2023-11-28,1.154345,0.6801
2023-11-29,1.154345,0.0000
2023-11-30,1.154345,0.0000
2023-12-01,1.154345,0.0000
2023-12-04,1.154345,0.0000
2023-12-05,1.154345,0.0000
2023-12-06,1.154345,0.0000
2023-12-07,1.154345,0.0000
2023-12-08,1.154345,0.0000
2023-12-11,1.154345,0.0000
2023-12-12,1.154345,0.0000
2023-12-13,1.154345,0.0000
2023-12-14,1.154345,0.0000
2023-12-15,1.154345,0.0000
2023-12-18,1.154345,0.0000
2023-12-19,1.154345,0.0000
2023-12-20,1.154345,0.0000
2023-12-21,1.154345,0.0000
2023-12-22,1.154345,0.0000
2023-12-26,1.154345,0.0000
2023-12-27,1.154345,0.0000
2023-12-28,1.154345,0.0000
2023-12-29,1.154345,0.0000
2024-01-02,1.154345,0.0000
2024-01-03,1.154345,0.0000
2024-01-04,1.154345,0.0000
2024-01-05,1.154345,0.0000
2024-01-08,1.154345,0.0000
2024-01-09,1.154345,0.0000
2024-01-10,1.154345,0.0000
2024-01-11,1.154345,0.0000
2024-01-12,1.154345,0.0000
2024-01-15,1.154345,0.0000
2024-01-16,1.154345,0.0000
2024-01-17,1.154345,0.0000
2024-01-18,1.154345,0.0000
2024-01-19,1.154345,0.0000
2024-01-22,1.154345,0.0000
2024-01-23,1.154345,0.0000
2024-01-24,1.154345,0.0000
2024-01-25,1.154345,0.0000
2024-01-26,1.154345,0.0000
2024-01-29,1.154345,0.0000
2024-01-30,1.154345,0.0000
2024-01-31,1.154345,0.0000
2024-02-01,1.154345,0.0000
2024-02-02,1.154345,0.0000
2024-02-05,1.154345,0.0000
2024-02-06,1.154345,0.0000
2024-02-07,1.154345,0.0000
2024-02-08,1.154345,0.0000
2024-02-09,1.154345,0.0000
2024-02-12,1.154345,0.0000
2024-02-13,1.154345,0.0000
2024-02-14,1.154345,0.0000
2024-02-15,1.154345,0.0000
2024-02-16,1.154345,0.0000
2024-02-19,1.154345,0.0000
2024-02-20,1.154345,0.0000
2024-02-21,1.154345,0.0000
2024-02-22,1.154345,0.0000
2024-02-23,1.154345,0.0000
2024-02-26,1.154345,0.0000
2024-02-27,1.154345,0.0000
2024-02-28,1.154345,0.0000
2024-02-29,1.154345,0.0000
2024-03-01,1.154345,0.0000
2024-03-04,1.154345,0.0000
2024-03-05,1.154345,0.0000
2024-03-06,1.156431,0.1807
2024-03-07,1.164464,0.6947
2024-03-08,1.179310,1.2748
2024-03-11,1.179310,0.0000
2024-03-12,1.179310,0.0000
2024-03-13,1.178984,-0.0276
2024-03-14,1.167516,-0.9726
2024-03-15,1.167516,0.0000
2024-03-18,1.167516,0.0000
2024-03-19,1.167516,0.0000
2024-03-20,1.167516,0.0000
2024-03-21,1.167516,0.0000
2024-03-22,1.167516,0.0000
2024-03-25,1.167516,0.0000
2024-03-26,1.167516,0.0000
2024-03-27,1.167516,0.0000
2024-03-28,1.167516,0.0000
2024-04-01,1.167516,0.0000
2024-04-02,1.167516,0.0000
2024-04-03,1.167516,0.0000
2024-04-04,1.167516,0.0000
2024-04-05,1.167516,0.0000
2024-04-08,1.167516,0.0000
2024-04-09,1.167516,0.0000
2024-04-10,1.167516,0.0000
2024-04-11,1.167516,0.0000
2024-04-12,1.167516,0.0000
2024-04-15,1.167516,0.0000
2024-04-16,1.167516,0.0000
2024-04-17,1.167516,0.0000
2024-04-18,1.167516,0.0000
2024-04-19,1.167516,0.0000
2024-04-22,1.167516,0.0000
2024-04-23,1.167516,0.0000
2024-04-24,1.167516,0.0000
2024-04-25,1.167516,0.0000
2024-04-26,1.167516,0.0000
2024-04-29,1.167516,0.0000
2024-04-30,1.167516,0.0000
2024-05-01,1.167516,0.0000
2024-05-02,1.167516,0.0000
2024-05-03,1.167516,0.0000
2024-05-06,1.167516,0.0000
2024-05-07,1.167516,0.0000
2024-05-08,1.167516,0.0000
2024-05-09,1.167516,0.0000
2024-05-10,1.167516,0.0000
2024-05-13,1.167516,0.0000
2024-05-14,1.167516,0.0000
2024-05-15,1.168413,0.0768
2024-05-16,1.164319,-0.3504
2024-05-17,1.181130,1.4438
2024-05-20,1.188396,0.6151
2024-05-21,1.188396,0.0000
2024-05-22,1.188396,0.0000
2024-05-23,1.188396,0.0000
2024-05-24,1.188396,0.0000
2024-05-27,1.188396,0.0000
2024-05-28,1.188396,0.0000
2024-05-29,1.188396,0.0000
2024-05-30,1.188396,0.0000
2024-05-31,1.188396,0.0000
2024-06-03,1.188396,0.0000
2024-06-04,1.188396,0.0000
2024-06-05,1.188396,0.0000
2024-06-06,1.188396,0.0000
2024-06-07,1.188396,0.0000
2024-06-10,1.188396,0.0000
2024-06-11,1.188396,0.0000
2024-06-12,1.188396,0.0000
2024-06-13,1.188396,0.0000
2024-06-14,1.188396,0.0000
2024-06-17,1.188396,0.0000
2024-06-18,1.188396,0.0000
2024-06-19,1.188396,0.0000
2024-06-20,1.189797,0.1179
2024-06-21,1.176512,-1.1166
2024-06-24,1.176512,0.0000
2024-06-25,1.176512,0.0000
2024-06-26,1.176512,0.0000
2024-06-27,1.176512,0.0000
2024-06-28,1.176512,0.0000
2024-07-01,1.176512,0.0000
2024-07-02,1.176512,0.0000
2024-07-03,1.176512,0.0000
2024-07-04,1.176512,0.0000
2024-07-05,1.176512,0.0000
2024-07-08,1.176512,0.0000
2024-07-09,1.176512,0.0000
2024-07-10,1.176512,0.0000
2024-07-11,1.176512,0.0000
2024-07-12,1.176512,0.0000
2024-07-15,1.176512,0.0000
2024-07-16,1.176512,0.0000
2024-07-17,1.176512,0.0000
2024-07-18,1.176512,0.0000
2024-07-19,1.176512,0.0000
2024-07-22,1.176512,0.0000
2024-07-23,1.176512,0.0000
2024-07-24,1.176512,0.0000
2024-07-25,1.176512,0.0000
2024-07-26,1.176512,0.0000
2024-07-29,1.176512,0.0000
2024-07-30,1.176512,0.0000
2024-07-31,1.176512,0.0000
2024-08-01,1.176512,0.0000
2024-08-02,1.176512,0.0000
2024-08-05,1.176512,0.0000
2024-08-06,1.176512,0.0000
2024-08-07,1.176512,0.0000
2024-08-08,1.176512,0.0000
2024-08-09,1.176512,0.0000
2024-08-12,1.176512,0.0000
2024-08-13,1.176512,0.0000
2024-08-14,1.176512,0.0000
2024-08-15,1.176512,0.0000
2024-08-16,1.176512,0.0000
2024-08-19,1.176512,0.0000
2024-08-20,1.176512,0.0000
2024-08-21,1.176512,0.0000
2024-08-22,1.176512,0.0000
2024-08-23,1.176512,0.0000
2024-08-26,1.176512,0.0000
2024-08-27,1.176512,0.0000
2024-08-28,1.176512,0.0000
2024-08-29,1.176512,0.0000
2024-08-30,1.176512,0.0000
2024-09-02,1.176512,0.0000
2024-09-03,1.176512,0.0000
2024-09-04,1.176512,0.0000
2024-09-05,1.175856,-0.0557
2024-09-06,1.164747,-0.9448
2024-09-09,1.164747,0.0000
2024-09-10,1.164747,0.0000
2024-09-11,1.164747,0.0000
2024-09-12,1.164747,0.0000
2024-09-13,1.164747,0.0000
2024-09-16,1.164747,0.0000
2024-09-17,1.164747,0.0000
2024-09-18,1.164747,0.0000
2024-09-19,1.164747,0.0000
2024-09-20,1.170897,0.5281
2024-09-23,1.173958,0.2614
2024-09-24,1.189529,1.3264
2024-09-25,1.189529,0.0000
2024-09-26,1.189529,0.0000
2024-09-27,1.189529,0.0000
2024-09-30,1.189529,0.0000
2024-10-01,1.189529,0.0000
2024-10-02,1.189529,0.0000
2024-10-03,1.189529,0.0000
2024-10-04,1.189529,0.0000
2024-10-07,1.189529,0.0000
2024-10-08,1.189529,0.0000
2024-10-09,1.189529,0.0000
2024-10-10,1.189529,0.0000
2024-10-11,1.189529,0.0000
2024-10-14,1.189529,0.0000
2024-10-15,1.189529,0.0000
2024-10-16,1.189529,0.0000
2024-10-17,1.189529,0.0000
2024-10-18,1.189529,0.0000
2024-10-21,1.189529,0.0000
2024-10-22,1.189529,0.0000
2024-10-23,1.189529,0.0000
2024-10-24,1.189529,0.0000
2024-10-25,1.189529,0.0000
2024-10-28,1.189529,0.0000
2024-10-29,1.189529,0.0000
2024-10-30,1.189529,0.0000
2024-10-31,1.189529,0.0000
2024-11-01,1.189529,0.0000
2024-11-04,1.189529,0.0000
2024-11-05,1.189529,0.0000
2024-11-06,1.189529,0.0000
2024-11-07,1.189529,0.0000
2024-11-08,1.189529,0.0000
2024-11-11,1.189529,0.0000
2024-11-12,1.189529,0.0000
2024-11-13,1.189529,0.0000
2024-11-14,1.189529,0.0000
2024-11-15,1.189529,0.0000
2024-11-18,1.189529,0.0000
2024-11-19,1.189529,0.0000
2024-11-20,1.189529,0.0000
2024-11-21,1.189529,0.0000
2024-11-22,1.189529,0.0000
2024-11-25,1.189529,0.0000
2024-11-26,1.189529,0.0000
2024-11-27,1.189529,0.0000
2024-11-28,1.189529,0.0000
2024-11-29,1.189529,0.0000
2024-12-02,1.189529,0.0000
2024-12-03,1.189529,0.0000
2024-12-04,1.189529,0.0000
2024-12-05,1.189529,0.0000
2024-12-06,1.189529,0.0000
2024-12-09,1.189529,0.0000
2024-12-10,1.189529,0.0000
2024-12-11,1.189529,0.0000
2024-12-12,1.189529,0.0000
2024-12-13,1.189529,0.0000
2024-12-16,1.189529,0.0000
2024-12-17,1.189529,0.0000
2024-12-18,1.189529,0.0000
2024-12-19,1.189529,0.0000
2024-12-20,1.189529,0.0000
2024-12-23,1.189529,0.0000
2024-12-24,1.189529,0.0000
2024-12-26,1.189529,0.0000
2024-12-27,1.189529,0.0000
2024-12-30,1.189529,0.0000
2024-12-31,1.189529,0.0000
2025-01-02,1.189529,0.0000
2025-01-03,1.189529,0.0000
2025-01-06,1.189529,0.0000
2025-01-07,1.183222,-0.5303
2025-01-08,1.188973,0.4861
2025-01-09,1.192904,0.3306
2025-01-10,1.201129,0.6895
2025-01-13,1.189653,-0.9554
2025-01-14,1.196009,0.5343
2025-01-15,1.204362,0.6984
2025-01-16,1.213159,0.7304
2025-01-17,1.213159,0.0000
2025-01-20,1.213159,0.0000
2025-01-21,1.213159,0.0000
2025-01-22,1.213159,0.0000
2025-01-23,1.213159,0.0000
2025-01-24,1.210825,-0.1924
2025-01-27,1.201027,-0.8092
2025-01-28,1.201027,0.0000
2025-01-29,1.201027,0.0000
2025-01-30,1.201027,0.0000
2025-01-31,1.201027,0.0000
2025-02-03,1.201027,0.0000
2025-02-04,1.201027,0.0000
2025-02-05,1.201027,0.0000
2025-02-06,1.201027,0.0000
2025-02-07,1.201027,0.0000
2025-02-10,1.201027,0.0000
2025-02-11,1.189017,-1.0000
2025-02-12,1.189017,0.0000
2025-02-13,1.189017,0.0000
2025-02-14,1.189017,0.0000
2025-02-17,1.189017,0.0000
2025-02-18,1.189017,0.0000
2025-02-19,1.189017,0.0000
2025-02-20,1.189017,0.0000
2025-02-21,1.189017,0.0000
2025-02-24,1.189017,0.0000
2025-02-25,1.189017,0.0000
2025-02-26,1.189017,0.0000
2025-02-27,1.189017,0.0000
2025-02-28,1.189017,0.0000
2025-03-03,1.189017,0.0000
2025-03-04,1.186969,-0.1722
2025-03-05,1.187539,0.0480
2025-03-06,1.177127,-0.8768
2025-03-07,1.177127,0.0000
2025-03-10,1.177127,0.0000
2025-03-11,1.176186,-0.0799
2025-03-12,1.183532,0.6245
2025-03-13,1.200352,1.4212
2025-03-14,1.200352,0.0000
2025-03-17,1.200352,0.0000
2025-03-18,1.200352,0.0000
2025-03-19,1.200352,0.0000
2025-03-20,1.200352,0.0000
2025-03-21,1.200352,0.0000
2025-03-24,1.200352,0.0000
2025-03-25,1.200352,0.0000
2025-03-26,1.200352,0.0000
2025-03-27,1.200352,0.0000
2025-03-28,1.200352,0.0000
2025-03-31,1.204593,0.3533
2025-04-01,1.200573,-0.3337
2025-04-02,1.207927,0.6125
2025-04-03,1.188349,-1.6208
2025-04-04,1.188349,0.0000
2025-04-07,1.188349,0.0000
2025-04-08,1.188349,0.0000
2025-04-09,1.188349,0.0000
2025-04-10,1.188349,0.0000
2025-04-11,1.188349,0.0000
2025-04-14,1.188349,0.0000
2025-04-15,1.188349,0.0000
2025-04-16,1.188349,0.0000
2025-04-17,1.188349,0.0000
2025-04-21,1.199880,0.9704
2025-04-22,1.216414,1.3779
2025-04-23,1.216414,0.0000
2025-04-24,1.216414,0.0000
2025-04-25,1.204249,-1.0000
2025-04-28,1.204249,0.0000
2025-04-29,1.204249,0.0000
2025-04-30,1.204249,0.0000
2025-05-01,1.204249,0.0000
2025-05-02,1.204249,0.0000
2025-05-05,1.204249,0.0000
2025-05-06,1.204249,0.0000
2025-05-07,1.204249,0.0000
2025-05-08,1.204249,0.0000
2025-05-09,1.204249,0.0000
2025-05-12,1.204249,0.0000
2025-05-13,1.204249,0.0000
2025-05-14,1.204249,0.0000
2025-05-15,1.204249,0.0000
2025-05-16,1.204249,0.0000
2025-05-19,1.204249,0.0000
2025-05-20,1.204249,0.0000
2025-05-21,1.204249,0.0000
2025-05-22,1.204249,0.0000
2025-05-23,1.204249,0.0000
2025-05-26,1.204249,0.0000
2025-05-27,1.204249,0.0000
2025-05-28,1.204249,0.0000
2025-05-29,1.204249,0.0000
2025-05-30,1.204249,0.0000
2025-06-02,1.204249,0.0000
2025-06-03,1.204249,0.0000
2025-06-04,1.204249,0.0000
2025-06-05,1.204249,0.0000
2025-06-06,1.204249,0.0000
2025-06-09,1.204249,0.0000
2025-06-10,1.204249,0.0000
2025-06-11,1.204249,0.0000
2025-06-12,1.204249,0.0000
2025-06-13,1.204249,0.0000
2025-06-16,1.204249,0.0000
2025-06-17,1.204249,0.0000
2025-06-18,1.204249,0.0000
2025-06-19,1.204249,0.0000
2025-06-20,1.204249,0.0000
2025-06-23,1.204249,0.0000
2025-06-24,1.204249,0.0000
2025-06-25,1.204249,0.0000
2025-06-26,1.204249,0.0000
2025-06-27,1.204249,0.0000
2025-06-30,1.204249,0.0000
2025-07-01,1.204249,0.0000
2025-07-02,1.204249,0.0000
2025-07-03,1.204249,0.0000
2025-07-04,1.204249,0.0000
2025-07-07,1.204249,0.0000
2025-07-08,1.204249,0.0000
2025-07-09,1.204249,0.0000
2025-07-10,1.204249,0.0000
2025-07-11,1.204249,0.0000
2025-07-14,1.204249,0.0000
2025-07-15,1.204249,0.0000
2025-07-16,1.204249,0.0000
2025-07-17,1.204249,0.0000
2025-07-18,1.204249,0.0000
2025-07-21,1.204249,0.0000
2025-07-22,1.204249,0.0000
2025-07-23,1.204249,0.0000
2025-07-24,1.204249,0.0000
2025-07-25,1.204249,0.0000
2025-07-28,1.204249,0.0000
2025-07-29,1.204249,0.0000
2025-07-30,1.204249,0.0000
2025-07-31,1.204249,0.0000
2025-08-01,1.204249,0.0000
2025-08-04,1.204249,0.0000
2025-08-05,1.204249,0.0000
2025-08-06,1.204249,0.0000
2025-08-07,1.204249,0.0000
2025-08-08,1.204249,0.0000
2025-08-11,1.204249,0.0000
2025-08-12,1.204249,0.0000
2025-08-13,1.204249,0.0000
2025-08-14,1.204249,0.0000
2025-08-15,1.204249,0.0000
2025-08-18,1.204249,0.0000
2025-08-19,1.204249,0.0000
2025-08-20,1.204249,0.0000
2025-08-21,1.204249,0.0000
2025-08-22,1.204249,0.0000
2025-08-25,1.204249,0.0000
2025-08-26,1.204249,0.0000
2025-08-27,1.206077,0.1517
2025-08-28,1.214833,0.7260
2025-08-29,1.230460,1.2864
2025-09-01,1.230936,0.0387
2025-09-02,1.255959,2.0329
2025-09-03,1.255959,0.0000
2025-09-04,1.255959,0.0000
2025-09-05,1.258421,0.1960
2025-09-08,1.276094,1.4044
2025-09-09,1.279951,0.3022
2025-09-10,1.279951,0.0000
2025-09-11,1.279951,0.0000
2025-09-12,1.279951,0.0000
2025-10-15,1.279951,0.0000
2025-10-16,1.279951,0.0000
2025-10-17,1.279951,0.0000
2025-10-20,1.279951,0.0000
2025-10-21,1.279951,0.0000
2025-10-22,1.279951,0.0000
2025-10-23,1.279951,0.0000
2025-10-24,1.279951,0.0000
2025-10-27,1.279951,0.0000
2025-10-28,1.279951,0.0000
2025-10-29,1.279951,0.0000
2025-10-30,1.279951,0.0000
2025-10-31,1.279951,0.0000
2025-11-03,1.279951,0.0000
2025-11-04,1.279951,0.0000
2025-11-05,1.279951,0.0000
2025-11-06,1.279951,0.0000
2025-11-07,1.279951,0.0000
2025-11-10,1.279951,0.0000
2025-11-11,1.279951,0.0000
2025-11-12,1.279951,0.0000
2025-11-13,1.279951,0.0000
2025-11-14,1.279951,0.0000
2025-11-17,1.279951,0.0000
2025-11-18,1.279951,0.0000
2025-11-19,1.279951,0.0000
2025-11-20,1.279951,0.0000
2025-11-21,1.279951,0.0000
2025-11-24,1.279951,0.0000
2025-11-25,1.279951,0.0000
2025-11-26,1.279951,0.0000
2025-11-27,1.279951,0.0000
2025-11-28,1.280395,0.0347
2025-12-01,1.282863,0.1928
2025-12-02,1.277646,-0.4066
2025-12-03,1.276972,-0.0527
2025-12-04,1.277844,0.0683
2025-12-05,1.275752,-0.1637
2025-12-08,1.274228,-0.1195
2025-12-09,1.278080,0.3023
2025-12-10,1.282236,0.3252
2025-12-11,1.293490,0.8777
2025-12-12,1.306922,1.0384
2025-12-15,1.306922,0.0000
2025-12-16,1.306922,0.0000
2025-12-17,1.306922,0.0000
2025-12-18,1.306922,0.0000
2025-12-19,1.306922,0.0000
2025-12-22,1.315920,0.6885
2025-12-23,1.327058,0.8464
2025-12-24,1.327058,0.0000
2025-12-26,1.327058,0.0000
2025-12-29,1.313788,-1.0000
2025-12-30,1.313788,0.0000
2025-12-31,1.313788,0.0000
2026-01-02,1.313788,0.0000
2026-01-05,1.313788,0.0000
2026-01-06,1.313788,0.0000
2026-01-07,1.313788,0.0000
2026-01-08,1.313788,0.0000
2026-01-09,1.313788,0.0000
2026-01-12,1.313788,0.0000
2026-01-13,1.313788,0.0000
2026-01-22,1.313788,0.0000
2026-01-23,1.313788,0.0000
2026-01-26,1.313788,0.0000
2026-01-27,1.313788,0.0000
2026-01-28,1.313788,0.0000
2026-01-29,1.313788,0.0000
2026-01-30,1.313788,0.0000
