open,close,dir,entry,sl,tp,exit,r,reason,hold_h,level,sigma,lambda
2005-02-22 12:00,2005-02-28 05:30,buy,431.05,426.80,436.76,436.76,1.343,tp,82.5,3,0.00654,0.000
2005-03-04 16:00,2005-03-08 19:30,buy,433.75,429.20,439.77,439.77,1.323,tp,44.8,3,0.00690,0.000
2005-03-11 20:00,2005-03-14 13:30,buy,445.05,441.60,452.02,441.60,-1.000,sl,13.2,3,0.00661,0.000
2005-04-11 16:00,2005-04-12 15:15,buy,429.45,426.10,435.97,426.10,-1.000,sl,22.5,3,0.00649,0.000
2005-04-26 16:00,2005-04-27 08:30,buy,437.05,433.80,442.90,433.80,-1.000,sl,15.2,3,0.00588,0.000
2005-05-31 08:45,2005-05-31 08:45,buy,419.85,417.00,424.98,417.00,-1.000,sl,0.2,3,0.00536,0.000
2005-06-10 20:00,2005-06-16 14:30,buy,426.85,423.20,432.20,432.20,1.465,tp,78.8,3,0.00595,0.000
2005-06-20 12:15,2005-06-20 16:15,buy,440.35,437.10,447.02,437.10,-1.000,sl,4.2,3,0.00636,0.000
2005-06-23 20:00,2005-06-28 09:00,buy,441.25,437.70,448.03,437.70,-1.000,sl,51.8,3,0.00661,0.000
2005-07-21 01:00,2005-07-29 16:30,buy,423.05,419.60,429.46,429.46,1.858,tp,130.0,3,0.00658,0.000
2005-08-03 16:00,2005-08-11 15:30,buy,434.55,431.60,440.03,440.03,1.859,tp,122.5,3,0.00547,0.000
2005-08-16 20:00,2005-08-17 14:15,buy,446.05,442.30,451.17,442.30,-1.000,sl,14.2,3,0.00562,0.000
2005-09-08 16:00,2005-09-16 08:00,buy,448.55,444.30,456.20,456.20,1.799,tp,115.2,3,0.00750,0.000
2005-09-19 01:15,2005-09-19 17:00,buy,459.55,455.30,467.25,467.25,1.812,tp,13.2,3,0.00735,0.000
2005-09-20 12:00,2005-09-20 16:15,buy,468.85,463.80,476.51,463.80,-1.000,sl,4.5,3,0.00768,0.000
2005-09-21 20:00,2005-09-22 16:15,buy,468.85,464.10,477.35,464.10,-1.000,sl,18.8,3,0.00799,0.000
2005-11-09 20:00,2005-11-16 15:45,buy,466.35,460.70,474.77,474.77,1.490,tp,102.2,3,0.00856,0.000
2005-11-17 16:00,2005-11-22 04:30,buy,484.85,478.70,493.54,493.54,1.413,tp,55.5,3,0.00868,0.000
2005-11-28 12:00,2005-12-01 01:00,buy,497.05,491.60,506.88,491.60,-1.000,sl,35.0,3,0.00871,0.000
2005-12-02 01:00,2005-12-07 16:15,buy,504.05,498.50,516.11,516.11,2.172,tp,79.8,3,0.00989,0.000
2005-12-09 01:00,2005-12-12 04:30,buy,520.45,514.70,532.18,532.18,2.040,tp,22.8,3,0.00951,0.000
2005-12-28 16:00,2006-01-03 21:00,buy,515.75,507.10,532.16,532.16,1.898,tp,59.8,3,0.01384,0.000
2006-01-06 16:00,2006-01-09 19:45,buy,533.95,524.70,549.86,549.86,1.720,tp,24.2,3,0.01343,0.000
2006-01-09 20:00,2006-01-10 16:45,buy,549.45,539.20,567.37,539.20,-1.000,sl,20.0,3,0.01463,0.000
2006-01-19 16:00,2006-01-31 01:30,buy,553.45,542.50,570.19,570.19,1.529,tp,153.8,3,0.01430,0.000
2006-02-24 20:00,2006-03-07 17:00,buy,558.95,549.10,573.58,549.10,-1.000,sl,145.8,3,0.01249,0.000
2006-03-28 01:30,2006-03-30 16:00,buy,566.95,559.60,580.39,580.39,1.829,tp,59.0,3,0.01041,0.000
2006-04-06 12:00,2006-04-07 15:15,buy,595.35,588.50,610.56,588.50,-1.000,sl,24.8,3,0.01050,0.000
2006-04-10 12:00,2006-04-17 18:00,buy,596.95,588.30,609.37,609.37,1.436,tp,82.2,3,0.01003,0.000
2006-04-19 01:00,2006-04-19 20:15,buy,621.45,613.50,637.16,637.16,1.976,tp,18.5,3,0.01080,0.000
2006-04-21 12:00,2006-04-27 16:15,buy,622.45,613.20,642.72,642.72,2.191,tp,89.8,3,0.01348,0.000
2006-04-28 16:00,2006-05-02 19:00,buy,644.75,633.20,666.19,666.19,1.856,tp,44.5,3,0.01459,0.000
2006-05-02 20:00,2006-05-09 15:15,buy,664.95,654.50,688.54,688.54,2.258,tp,102.2,3,0.01457,0.000
2006-05-09 16:00,2006-05-11 14:30,buy,690.85,678.20,715.25,715.25,1.929,tp,43.5,3,0.01530,0.000
2006-05-17 08:00,2006-05-17 17:30,buy,702.95,687.70,735.54,687.70,-1.000,sl,9.8,3,0.01949,0.000
2006-06-30 20:00,2006-07-12 12:15,buy,614.35,598.70,644.77,644.77,1.944,tp,136.2,3,0.02156,0.000
2006-07-14 01:00,2006-07-17 15:15,buy,664.05,650.20,689.63,650.20,-1.000,sl,36.2,3,0.01699,0.000
2006-07-27 16:00,2006-08-11 10:15,buy,638.95,623.00,663.74,640.70,0.110,time,240.0,3,0.01832,0.000
2006-09-28 04:00,2006-10-02 01:15,buy,602.25,591.20,623.08,591.20,-1.000,sl,41.2,3,0.01510,0.000
2006-10-13 20:00,2006-10-24 06:15,buy,589.45,579.00,610.34,579.00,-1.000,sl,141.0,3,0.01516,0.000
2006-11-02 01:30,2006-11-09 17:45,buy,616.95,606.10,634.12,634.12,1.583,tp,127.5,3,0.01295,0.000
2006-11-30 16:00,2006-12-06 09:45,buy,645.45,636.60,662.34,636.60,-1.000,sl,82.5,3,0.01133,0.000
2006-12-26 16:00,2007-01-03 15:30,buy,628.35,619.20,643.71,643.71,1.679,tp,97.8,3,0.01109,0.000
2007-01-23 16:00,2007-02-07 12:45,buy,643.95,632.70,662.17,654.60,0.947,time,240.0,3,0.01304,0.000
2007-02-08 20:00,2007-02-21 18:30,buy,658.45,651.50,673.92,673.92,2.225,tp,199.2,3,0.00964,0.000
2007-02-28 12:00,2007-02-28 15:45,buy,675.95,664.60,691.66,664.60,-1.000,sl,4.0,3,0.01140,0.000
2007-04-04 16:00,2007-04-13 14:15,buy,671.45,664.00,681.49,681.49,1.348,tp,144.0,3,0.00738,0.000
2007-04-13 16:00,2007-04-19 03:15,buy,681.75,675.50,690.72,690.72,1.435,tp,77.2,3,0.00631,0.000
2007-04-20 12:00,2007-04-24 18:00,buy,688.15,682.20,698.29,682.20,-1.000,sl,50.8,3,0.00660,0.000
2007-05-04 16:00,2007-05-08 16:30,buy,688.45,681.70,702.35,681.70,-1.000,sl,45.5,3,0.00849,0.000
2007-05-29 16:00,2007-05-30 12:45,buy,661.85,655.20,674.17,655.20,-1.000,sl,19.8,3,0.00811,0.000
2007-05-31 20:00,2007-06-04 16:45,buy,660.95,653.20,672.29,672.29,1.463,tp,41.8,3,0.00819,0.000
2007-07-02 16:00,2007-07-05 16:15,buy,654.55,649.10,666.34,649.10,-1.000,sl,63.8,3,0.00744,0.000
2007-07-09 01:00,2007-07-10 16:45,buy,655.55,649.30,664.54,664.54,1.439,tp,37.8,3,0.00658,0.000
2007-07-20 01:00,2007-07-24 14:30,buy,677.65,672.70,687.02,687.02,1.892,tp,58.2,3,0.00596,0.000
2007-08-03 16:00,2007-08-09 14:15,buy,669.95,664.50,681.59,664.50,-1.000,sl,83.8,3,0.00720,0.000
2007-08-24 20:00,2007-09-04 17:15,buy,667.75,659.50,681.48,681.48,1.664,tp,154.0,3,0.00934,0.000
2007-09-06 16:00,2007-09-07 14:30,buy,688.35,681.00,702.10,702.10,1.870,tp,21.2,3,0.00868,0.000
2007-09-11 20:00,2007-09-18 21:00,buy,712.45,702.80,726.20,726.20,1.425,tp,113.8,3,0.00933,0.000
2007-09-19 01:00,2007-09-28 14:15,buy,724.05,717.10,739.80,739.80,2.266,tp,170.2,3,0.00887,0.000
2007-10-04 20:00,2007-10-05 14:30,buy,736.95,727.00,755.34,727.00,-1.000,sl,17.5,3,0.01092,0.000
2007-10-11 20:00,2007-10-19 01:30,buy,751.25,740.70,769.10,769.10,1.692,tp,117.8,3,0.01074,0.000
2007-10-26 16:00,2007-10-31 19:45,buy,779.65,768.70,796.15,796.15,1.507,tp,71.5,3,0.01000,0.000
2007-11-07 04:00,2007-11-08 01:00,buy,833.65,823.90,852.71,823.90,-1.000,sl,20.2,3,0.00979,0.000
2007-11-14 16:00,2007-11-15 12:00,buy,813.55,801.10,834.95,801.10,-1.000,sl,18.8,3,0.01183,0.000
2007-11-26 12:00,2007-11-26 16:45,buy,835.65,823.30,862.33,823.30,-1.000,sl,5.0,3,0.01328,0.000
2007-12-10 16:00,2007-12-13 16:45,buy,810.05,794.40,848.55,794.40,-1.000,sl,69.0,3,0.01413,0.074
2007-12-21 16:00,2007-12-28 16:00,buy,810.45,795.70,833.94,833.94,1.592,tp,52.0,3,0.01346,0.000
2007-12-28 20:00,2008-01-02 18:00,buy,837.85,822.90,860.36,860.36,1.505,tp,28.0,3,0.01275,0.000
2008-01-08 12:00,2008-01-11 16:30,buy,872.45,857.20,895.72,895.72,1.526,tp,73.5,3,0.01259,0.000
2008-01-17 16:00,2008-01-17 21:45,buy,888.25,875.50,917.21,875.50,-1.000,sl,6.0,3,0.01335,0.000
2008-02-21 01:00,2008-02-26 09:15,buy,943.95,927.00,968.76,927.00,-1.000,sl,75.5,3,0.01262,0.000
2008-03-03 16:00,2008-03-04 17:00,buy,988.15,973.50,1010.97,973.50,-1.000,sl,24.0,3,0.01078,0.000
2008-03-13 16:00,2008-03-17 02:15,buy,996.35,982.00,1025.39,1025.39,2.024,tp,30.5,3,0.01238,0.000
2008-04-09 20:00,2008-04-14 02:15,buy,935.05,914.46,974.70,914.46,-1.000,sl,49.5,3,0.01845,0.000
2008-04-16 16:00,2008-04-18 13:45,buy,945.25,927.50,985.62,927.50,-1.000,sl,43.5,3,0.01755,0.000
2008-05-08 20:00,2008-05-13 15:15,buy,881.35,867.90,910.59,867.90,-1.000,sl,62.8,3,0.01378,0.000
2008-05-15 16:00,2008-05-19 09:30,buy,881.65,864.50,908.17,908.17,1.546,tp,38.2,3,0.01415,0.000
2008-05-20 20:00,2008-05-27 16:00,buy,919.25,904.70,946.01,904.70,-1.000,sl,109.0,3,0.01279,0.000
2008-06-06 16:00,2008-06-10 15:15,buy,891.25,877.90,917.92,877.90,-1.000,sl,44.2,3,0.01277,0.000
2008-06-27 20:00,2008-07-07 15:30,buy,929.35,916.50,959.13,916.50,-1.000,sl,129.0,3,0.01303,0.000
2008-07-10 20:00,2008-07-14 16:00,buy,940.75,928.00,968.86,968.86,2.205,tp,40.8,3,0.01233,0.000
2008-07-22 01:00,2008-07-22 17:15,buy,966.55,954.50,993.71,954.50,-1.000,sl,16.5,3,0.01151,0.000
2008-08-21 16:00,2008-08-26 10:15,buy,830.85,813.10,866.94,813.10,-1.000,sl,62.0,3,0.01855,0.000
2008-09-15 04:00,2008-09-15 13:30,buy,782.45,764.90,818.42,764.90,-1.000,sl,9.8,3,0.01960,0.000
2008-09-15 20:00,2008-09-17 16:30,buy,782.05,764.90,818.86,818.86,2.147,tp,42.2,3,0.01976,0.000
2008-09-18 20:00,2008-09-18 21:15,buy,893.95,863.50,947.39,863.50,-1.000,sl,1.5,3,0.02721,0.000
2008-10-06 16:00,2008-10-10 19:45,buy,872.85,835.30,934.47,835.30,-1.000,sl,95.5,3,0.03326,0.000
2008-11-04 20:00,2008-11-12 16:15,buy,758.55,722.60,811.68,722.60,-1.000,sl,131.8,3,0.03453,0.000
2008-11-14 01:00,2008-11-21 16:30,buy,736.25,710.60,780.58,780.58,1.728,tp,129.0,3,0.02758,0.000
2008-12-17 01:00,2008-12-19 12:00,buy,856.95,836.60,902.41,836.60,-1.000,sl,57.2,3,0.02203,0.000
2008-12-26 20:00,2009-01-05 14:30,buy,865.95,847.40,906.69,847.40,-1.000,sl,92.2,3,0.01960,0.000
2009-01-16 16:00,2009-01-23 11:00,buy,833.15,816.70,870.72,870.72,2.284,tp,108.2,3,0.01853,0.000
2009-01-23 16:00,2009-01-26 15:30,buy,878.15,856.50,911.31,911.31,1.532,tp,21.8,3,0.01792,0.000
2009-01-30 01:00,2009-02-12 16:15,buy,909.05,887.40,946.74,946.74,1.741,tp,219.2,3,0.01873,0.000
2009-02-17 08:00,2009-02-20 18:45,buy,960.05,941.10,1000.07,1000.07,2.112,tp,79.5,3,0.01755,0.000
2009-03-12 16:00,2009-03-18 13:15,buy,925.05,908.40,957.86,908.40,-1.000,sl,87.2,3,0.01525,0.000
2009-03-19 01:00,2009-03-30 12:45,buy,937.45,915.10,969.76,915.10,-1.000,sl,168.0,3,0.01673,0.000
2009-04-13 16:00,2009-04-16 15:45,buy,896.17,881.15,928.12,881.15,-1.000,sl,68.5,3,0.01493,0.000
2009-05-12 20:00,2009-05-21 18:00,buy,923.53,913.18,944.49,944.49,2.025,tp,133.8,3,0.00960,0.000
2009-05-28 16:00,2009-06-01 03:15,buy,958.48,948.40,981.80,981.80,2.314,tp,32.2,3,0.00986,0.000
2009-07-01 16:00,2009-07-06 08:45,buy,939.03,926.35,962.01,926.35,-1.000,sl,59.2,3,0.01078,0.000
2009-08-05 01:00,2009-08-06 20:00,buy,967.50,956.30,985.22,956.30,-1.000,sl,42.2,3,0.00847,0.000
2009-08-13 12:00,2009-08-14 17:30,buy,957.32,947.05,973.35,947.05,-1.000,sl,28.5,3,0.00778,0.000
2009-09-08 12:00,2009-09-08 17:45,buy,1004.65,994.50,1026.31,994.50,-1.000,sl,6.0,3,0.00896,0.000
2009-09-11 16:00,2009-09-14 10:30,buy,1008.82,994.58,1028.77,994.58,-1.000,sl,16.8,3,0.00963,0.000
2009-09-16 12:00,2009-09-18 21:45,buy,1019.29,1006.25,1041.33,1006.25,-1.000,sl,55.8,3,0.00977,0.000
2009-09-22 12:00,2009-09-24 16:15,buy,1017.40,1003.20,1037.52,1003.20,-1.000,sl,50.2,3,0.00958,0.000
2009-10-05 20:00,2009-10-06 16:15,buy,1017.40,1002.37,1038.45,1038.45,1.400,tp,19.5,3,0.01008,0.000
2009-10-08 20:00,2009-10-09 09:00,buy,1056.43,1044.37,1083.15,1044.37,-1.000,sl,12.0,3,0.01040,0.000
2009-11-02 16:00,2009-11-04 02:30,buy,1058.11,1044.96,1082.14,1082.14,1.827,tp,9.8,3,0.00997,0.000
2009-11-09 12:00,2009-11-16 16:00,buy,1109.04,1094.72,1133.81,1133.81,1.730,tp,117.8,3,0.01000,0.000
2009-11-23 04:00,2009-11-25 23:00,buy,1164.49,1150.20,1192.10,1192.10,1.932,tp,65.0,3,0.01020,0.000
2009-12-01 12:00,2009-12-03 04:15,buy,1194.14,1179.32,1224.85,1224.85,2.072,tp,38.0,3,0.01081,0.000
2010-01-04 16:00,2010-01-11 01:30,buy,1121.30,1097.51,1155.92,1155.92,1.455,tp,98.5,3,0.01491,0.000
2010-01-11 04:00,2010-01-12 18:45,buy,1155.62,1138.25,1184.70,1138.25,-1.000,sl,37.8,3,0.01143,0.000
2010-02-16 20:00,2010-02-18 01:30,buy,1119.55,1100.58,1149.54,1100.58,-1.000,sl,25.8,3,0.01246,0.000
2010-03-02 20:00,2010-03-09 11:30,buy,1135.98,1118.50,1167.25,1118.50,-1.000,sl,101.8,3,0.01221,0.000
2010-03-31 16:00,2010-04-06 16:15,buy,1115.64,1103.33,1135.82,1135.82,1.640,tp,84.8,3,0.00825,0.000
2010-04-09 20:00,2010-04-13 10:30,buy,1159.98,1150.24,1182.43,1150.24,-1.000,sl,34.8,3,0.00784,0.000
2010-04-20 16:00,2010-04-23 14:45,buy,1145.41,1135.50,1166.57,1135.50,-1.000,sl,43.0,3,0.00766,0.000
2010-04-26 01:00,2010-04-27 15:00,buy,1157.62,1146.40,1179.62,1146.40,-1.000,sl,36.2,3,0.00812,0.000
2010-04-30 16:00,2010-05-05 03:15,buy,1179.49,1166.60,1201.06,1166.60,-1.000,sl,53.5,3,0.00827,0.000
2010-06-07 20:00,2010-06-10 15:15,buy,1240.61,1219.58,1271.50,1219.58,-1.000,sl,61.5,3,0.01192,0.000
2010-06-17 16:00,2010-06-23 15:45,buy,1244.95,1228.85,1273.48,1228.85,-1.000,sl,88.0,3,0.01017,0.000
2010-07-13 16:00,2010-07-16 14:15,buy,1215.98,1196.55,1247.12,1196.55,-1.000,sl,64.5,3,0.01184,0.000
2010-07-22 16:00,2010-07-23 21:30,buy,1199.80,1184.78,1233.13,1184.78,-1.000,sl,27.8,3,0.01143,0.000
2010-07-30 20:00,2010-08-06 15:00,buy,1180.48,1167.80,1207.32,1207.32,2.116,tp,105.2,3,0.00948,0.000
2010-08-06 16:00,2010-08-10 13:30,buy,1208.89,1194.67,1233.34,1194.67,-1.000,sl,41.8,3,0.00907,0.000
2010-08-12 16:00,2010-08-25 10:45,buy,1212.94,1197.85,1237.68,1237.68,1.639,tp,193.0,3,0.00931,0.000
2010-08-31 20:00,2010-09-10 14:45,buy,1249.57,1236.69,1267.96,1236.69,-1.000,sl,166.8,3,0.00708,0.000
2010-09-28 20:00,2010-10-05 09:45,buy,1307.75,1294.12,1326.91,1326.91,1.406,tp,100.0,3,0.00710,0.000
2010-10-05 12:00,2010-10-06 06:30,buy,1325.51,1314.95,1346.90,1346.90,2.025,tp,16.8,3,0.00681,0.000
2010-10-25 12:00,2010-10-26 15:30,buy,1345.09,1328.18,1377.41,1328.18,-1.000,sl,25.0,3,0.01038,0.000
2010-10-28 20:00,2010-11-04 13:30,buy,1342.65,1324.72,1374.20,1374.20,1.760,tp,104.5,3,0.01046,0.000
2010-11-30 20:00,2010-12-06 21:45,buy,1385.30,1366.65,1424.97,1424.97,2.127,tp,92.5,3,0.01195,0.000
2010-12-14 08:00,2010-12-15 14:30,buy,1404.65,1385.70,1433.20,1385.70,-1.000,sl,29.5,3,0.00960,0.000
2010-12-28 16:00,2011-01-04 16:00,buy,1400.08,1383.29,1430.09,1383.29,-1.000,sl,22.5,3,0.00948,0.000
2011-02-03 20:00,2011-02-16 18:00,buy,1351.18,1334.82,1378.40,1378.40,1.664,tp,196.2,3,0.00915,0.000
2011-02-21 12:00,2011-03-01 20:30,buy,1402.55,1389.79,1431.15,1431.15,2.241,tp,139.0,3,0.00834,0.000
2011-03-04 16:00,2011-03-10 15:30,buy,1425.93,1415.70,1444.98,1415.70,-1.000,sl,88.0,3,0.00579,0.000
2011-03-11 20:00,2011-03-15 05:00,buy,1423.16,1411.45,1443.62,1411.45,-1.000,sl,29.2,3,0.00638,0.000
2011-03-18 08:00,2011-03-23 15:30,buy,1413.09,1402.10,1438.11,1438.11,2.277,tp,71.0,3,0.00719,0.000
2011-03-23 16:00,2011-03-24 20:00,buy,1440.00,1428.31,1465.37,1428.31,-1.000,sl,25.8,3,0.00727,0.000
2011-03-31 16:00,2011-04-01 14:30,buy,1437.60,1422.60,1460.56,1422.60,-1.000,sl,20.5,3,0.00747,0.000
2011-04-08 20:00,2011-04-12 02:15,buy,1473.95,1457.80,1500.06,1457.80,-1.000,sl,26.5,3,0.00812,0.000
2011-04-14 20:00,2011-04-19 18:00,buy,1471.95,1456.97,1498.28,1498.28,1.758,tp,57.0,3,0.00794,0.000
2011-04-27 20:00,2011-04-29 18:15,buy,1523.00,1505.90,1548.88,1548.88,1.513,tp,42.5,3,0.00799,0.000
2011-05-11 01:00,2011-05-12 09:00,buy,1513.10,1495.00,1550.25,1495.00,-1.000,sl,31.2,3,0.01035,0.000
2011-05-23 01:00,2011-06-06 15:45,buy,1513.10,1493.40,1553.48,1542.25,1.480,time,240.0,3,0.01127,0.000
2011-06-20 01:00,2011-06-23 15:15,buy,1539.63,1529.25,1563.43,1529.25,-1.000,sl,83.5,3,0.00626,0.000
2011-07-06 20:00,2011-07-11 15:15,buy,1529.65,1515.51,1555.05,1555.05,1.797,tp,64.5,3,0.00731,0.000
2011-07-13 01:00,2011-07-18 01:00,buy,1568.14,1553.43,1595.18,1595.18,1.838,tp,69.2,3,0.00753,0.000
2011-07-25 08:00,2011-08-02 22:00,buy,1614.75,1600.85,1645.49,1645.49,2.211,tp,152.2,3,0.00781,0.000
2011-08-05 12:00,2011-08-08 06:30,buy,1667.35,1646.86,1698.63,1698.63,1.527,tp,17.8,3,0.00881,0.000
2011-08-10 12:00,2011-08-11 01:15,buy,1759.43,1738.40,1802.40,1802.40,2.043,tp,12.5,3,0.01031,0.000
2011-08-16 01:00,2011-08-18 15:30,buy,1765.58,1742.98,1816.38,1816.38,2.248,tp,60.8,3,0.01180,0.000
2011-08-18 16:00,2011-08-19 10:45,buy,1817.19,1790.62,1866.90,1866.90,1.871,tp,18.0,3,0.01193,0.000
2011-08-22 08:00,2011-08-23 19:30,buy,1876.56,1851.51,1932.91,1851.51,-1.000,sl,34.8,3,0.01232,0.000
2011-08-30 16:00,2011-09-06 06:45,buy,1824.91,1786.78,1907.32,1907.32,2.161,tp,101.5,3,0.01890,0.000
2011-09-08 16:00,2011-09-12 19:15,buy,1858.82,1816.93,1937.51,1816.93,-1.000,sl,49.5,3,0.01859,0.000
2011-10-11 01:00,2011-10-18 16:45,buy,1676.32,1636.48,1754.62,1636.48,-1.000,sl,131.0,3,0.02022,0.000
2011-11-03 20:00,2011-11-10 17:30,buy,1763.48,1735.59,1817.67,1735.59,-1.000,sl,111.5,3,0.01325,0.000
2011-11-11 20:00,2011-11-16 16:30,buy,1787.11,1758.18,1843.06,1758.18,-1.000,sl,65.2,3,0.01352,0.000
2011-11-30 16:00,2011-12-06 05:30,buy,1744.56,1715.05,1795.41,1715.05,-1.000,sl,81.8,3,0.01313,0.000
2012-01-03 12:00,2012-01-10 15:00,buy,1589.56,1564.11,1638.31,1638.31,1.915,tp,118.2,3,0.01329,0.000
2012-01-10 16:00,2012-01-25 03:15,buy,1636.47,1610.63,1686.57,1666.57,1.165,time,240.0,3,0.01321,0.000
2012-01-25 20:00,2012-01-27 18:00,buy,1690.35,1665.65,1731.33,1731.33,1.659,tp,44.2,3,0.01105,0.000
2012-02-22 01:00,2012-02-29 17:45,buy,1759.70,1734.44,1798.93,1734.44,-1.000,sl,132.0,3,0.01041,0.000
2012-03-27 01:00,2012-03-28 20:00,buy,1690.91,1661.26,1740.90,1661.26,-1.000,sl,42.2,3,0.01343,0.000
2012-04-11 01:00,2012-04-17 16:45,buy,1659.28,1640.23,1697.48,1640.23,-1.000,sl,107.0,3,0.00978,0.000
2012-05-18 12:00,2012-05-22 12:00,buy,1587.71,1573.60,1619.40,1573.60,-1.000,sl,46.2,3,0.00815,0.000
2012-06-01 16:00,2012-06-01 20:30,buy,1581.65,1560.90,1622.54,1622.54,1.971,tp,4.8,3,0.01106,0.000
2012-07-03 16:00,2012-07-06 11:45,buy,1616.13,1597.02,1654.67,1597.02,-1.000,sl,61.2,3,0.01011,0.000
2012-07-13 20:00,2012-07-18 15:30,buy,1591.90,1571.38,1624.31,1571.38,-1.000,sl,64.8,3,0.00944,0.000
2012-07-25 16:00,2012-08-09 04:15,buy,1601.99,1580.53,1632.80,1615.55,0.632,time,240.0,3,0.00926,0.000
2012-08-16 20:00,2012-08-21 17:00,buy,1615.51,1603.17,1640.92,1640.92,2.059,tp,66.2,3,0.00660,0.000
2012-09-06 12:00,2012-09-07 05:30,buy,1709.37,1692.80,1734.12,1692.80,-1.000,sl,16.8,3,0.00684,0.000
2012-09-21 16:00,2012-09-24 03:15,buy,1786.76,1768.50,1816.49,1768.50,-1.000,sl,10.5,3,0.00760,0.000
2012-10-04 20:00,2012-10-05 15:30,buy,1792.54,1777.46,1825.83,1777.46,-1.000,sl,18.8,3,0.00762,0.000
2012-10-31 16:00,2012-11-02 06:45,buy,1719.48,1708.62,1742.11,1708.62,-1.000,sl,35.0,3,0.00549,0.000
2012-11-09 01:00,2012-11-15 14:30,buy,1731.82,1717.18,1763.19,1717.18,-1.000,sl,105.8,3,0.00751,0.000
2012-11-19 16:00,2012-11-28 15:15,buy,1731.46,1713.57,1757.21,1713.57,-1.000,sl,153.8,3,0.00713,0.000
2012-12-10 16:00,2012-12-13 02:45,buy,1715.68,1703.59,1742.70,1703.59,-1.000,sl,56.0,3,0.00643,0.000
2013-01-02 16:00,2013-01-03 20:15,buy,1689.66,1674.87,1717.46,1674.87,-1.000,sl,27.5,3,0.00712,0.000
2013-01-10 20:00,2013-01-11 16:45,buy,1676.84,1657.57,1704.67,1657.57,-1.000,sl,20.0,3,0.00796,0.000
2013-01-15 20:00,2013-01-17 16:00,buy,1683.57,1667.59,1715.94,1667.59,-1.000,sl,42.2,3,0.00812,0.000
2013-01-30 20:00,2013-01-31 16:45,buy,1678.79,1663.65,1708.80,1663.65,-1.000,sl,20.0,3,0.00760,0.000
2013-03-18 16:00,2013-03-25 14:15,buy,1610.00,1591.95,1638.61,1591.95,-1.000,sl,109.5,3,0.00821,0.000
2013-04-09 20:00,2013-04-10 16:45,buy,1585.78,1573.53,1611.06,1573.53,-1.000,sl,20.0,3,0.00668,0.000
2013-04-26 01:00,2013-05-10 10:45,buy,1466.77,1431.45,1528.20,1456.64,-0.287,time,240.0,3,0.01893,0.000
2013-05-30 20:00,2013-05-31 17:00,buy,1413.48,1393.51,1456.32,1393.51,-1.000,sl,20.2,3,0.01262,0.000
2013-06-03 20:00,2013-06-07 16:15,buy,1413.12,1387.64,1452.58,1387.64,-1.000,sl,88.5,3,0.01311,0.000
2013-07-11 04:00,2013-07-22 20:00,buy,1282.50,1257.61,1335.04,1335.04,2.111,tp,177.2,3,0.01725,0.000
2013-08-12 20:00,2013-08-15 21:00,buy,1336.93,1314.24,1369.16,1369.16,1.421,tp,70.2,3,0.01171,0.000
2013-08-23 20:00,2013-09-02 01:15,buy,1396.08,1375.72,1440.29,1375.72,-1.000,sl,119.5,3,0.01315,0.000
2013-09-03 20:00,2013-09-04 16:00,buy,1409.26,1391.84,1449.21,1391.84,-1.000,sl,19.2,3,0.01155,0.000
2013-10-17 12:00,2013-10-22 18:00,buy,1305.65,1282.52,1344.33,1344.33,1.672,tp,75.2,3,0.01350,0.000
2013-12-06 16:00,2013-12-06 21:30,buy,1237.62,1224.81,1266.27,1224.81,-1.000,sl,5.8,3,0.00948,0.000
2014-02-03 20:00,2014-02-11 03:00,buy,1259.63,1243.85,1282.70,1282.70,1.462,tp,121.2,3,0.00875,0.000
2014-02-11 20:00,2014-02-14 13:45,buy,1290.16,1274.59,1314.83,1314.83,1.584,tp,63.0,3,0.00884,0.000
2014-02-14 16:00,2014-02-26 08:30,buy,1316.06,1302.72,1344.38,1344.38,2.123,tp,173.2,3,0.00896,0.000
2014-03-06 20:00,2014-03-07 15:30,buy,1349.12,1336.84,1372.12,1336.84,-1.000,sl,18.8,3,0.00739,0.000
2014-03-17 01:00,2014-03-17 20:15,buy,1382.52,1366.30,1407.81,1366.30,-1.000,sl,19.5,3,0.00851,0.000
2014-04-04 16:00,2014-04-10 11:45,buy,1299.13,1286.49,1323.26,1323.26,1.909,tp,88.0,3,0.00801,0.000
2014-05-02 20:00,2014-05-12 01:45,buy,1298.59,1283.97,1321.54,1283.97,-1.000,sl,120.0,3,0.00820,0.000
2014-05-12 16:00,2014-05-16 15:30,buy,1300.82,1288.62,1327.35,1288.62,-1.000,sl,91.8,3,0.00842,0.000
2014-06-10 16:00,2014-06-16 04:00,buy,1261.32,1252.43,1279.92,1279.92,2.092,tp,80.2,3,0.00615,0.000
2014-06-19 16:00,2014-06-19 19:30,buy,1289.14,1277.46,1305.23,1305.23,1.378,tp,3.8,3,0.00609,0.000
2014-07-01 01:00,2014-07-03 15:15,buy,1327.42,1315.88,1349.79,1315.88,-1.000,sl,60.5,3,0.00722,0.000
2014-07-10 16:00,2014-07-14 08:30,buy,1340.15,1327.75,1362.43,1327.75,-1.000,sl,38.8,3,0.00732,0.000
2014-08-06 16:00,2014-08-08 09:30,buy,1302.27,1288.49,1321.74,1321.74,1.413,tp,39.8,3,0.00723,0.000
2014-08-28 16:00,2014-09-02 05:30,buy,1292.77,1282.31,1310.37,1282.31,-1.000,sl,55.0,3,0.00613,0.000
2014-10-08 12:00,2014-10-08 18:00,buy,1218.36,1208.60,1239.83,1208.60,-1.000,sl,6.2,3,0.00724,0.000
2014-10-09 01:00,2014-10-15 16:30,buy,1221.35,1208.60,1242.27,1242.27,1.641,tp,107.8,3,0.00780,0.000
2014-10-15 20:00,2014-10-17 17:15,buy,1244.07,1231.74,1268.12,1231.74,-1.000,sl,43.5,3,0.00827,0.000
2014-12-16 16:00,2014-12-16 17:45,buy,1211.43,1192.14,1245.97,1192.14,-1.000,sl,2.0,3,0.01265,0.000
2014-12-26 16:00,2015-01-02 14:15,buy,1195.31,1174.38,1228.53,1174.38,-1.000,sl,77.5,3,0.01292,0.000
2015-01-06 01:00,2015-01-12 20:15,buy,1204.57,1188.82,1232.83,1232.83,1.794,tp,111.5,3,0.01037,0.000
2015-01-16 20:00,2015-01-22 18:15,buy,1276.61,1262.31,1306.74,1306.74,2.107,tp,62.2,3,0.00986,0.000
2015-01-30 20:00,2015-02-03 17:30,buy,1275.58,1257.30,1302.94,1257.30,-1.000,sl,43.8,3,0.01017,0.000
2015-02-26 12:00,2015-02-27 10:00,buy,1219.24,1204.51,1249.06,1204.51,-1.000,sl,21.2,3,0.01036,0.000
2015-03-20 20:00,2015-03-26 10:00,buy,1184.38,1170.81,1209.90,1209.90,1.881,tp,78.2,3,0.00935,0.000
2015-04-13 01:00,2015-04-14 09:15,buy,1207.49,1194.15,1231.25,1194.15,-1.000,sl,31.5,3,0.00870,0.000
2015-05-12 16:00,2015-05-14 13:15,buy,1195.34,1183.66,1219.56,1219.56,2.074,tp,43.5,3,0.00850,0.000
2015-06-29 04:00,2015-06-29 16:30,buy,1185.71,1175.18,1201.07,1175.18,-1.000,sl,12.8,3,0.00617,0.000
2015-08-10 20:00,2015-08-11 04:45,buy,1106.89,1094.17,1133.84,1094.17,-1.000,sl,8.0,3,0.01015,0.000
2015-08-12 20:00,2015-08-20 17:30,buy,1124.10,1108.75,1150.94,1150.94,1.748,tp,135.8,3,0.01066,0.000
2015-08-21 08:00,2015-08-21 11:00,buy,1164.16,1152.08,1188.12,1152.08,-1.000,sl,3.2,3,0.00876,0.000
2015-09-01 16:00,2015-09-02 17:30,buy,1145.94,1134.71,1172.02,1134.71,-1.000,sl,24.8,3,0.00921,0.000
2015-09-18 01:00,2015-09-24 16:45,buy,1132.59,1119.15,1154.13,1154.13,1.603,tp,108.0,3,0.00876,0.000
2015-10-07 01:00,2015-10-14 04:45,buy,1147.22,1135.43,1174.05,1174.05,2.276,tp,119.0,3,0.00953,0.000
2015-10-23 16:00,2015-10-23 16:30,buy,1177.25,1165.43,1200.70,1165.43,-1.000,sl,0.8,3,0.00848,0.000
2015-10-28 16:00,2015-10-28 20:00,buy,1180.84,1166.50,1201.66,1166.50,-1.000,sl,4.2,3,0.00844,0.000
2015-12-16 16:00,2015-12-17 15:30,buy,1073.07,1060.80,1093.77,1060.80,-1.000,sl,22.8,3,0.00871,0.000
2016-01-25 16:00,2016-01-27 21:45,buy,1106.69,1097.78,1126.82,1126.82,2.259,tp,52.0,3,0.00741,0.000
2016-02-01 20:00,2016-02-04 11:00,buy,1127.07,1117.99,1147.25,1147.25,2.222,tp,60.2,3,0.00733,0.000
2016-02-04 16:00,2016-02-05 22:45,buy,1153.02,1142.34,1173.20,1173.20,1.889,tp,30.0,3,0.00757,0.000
2016-02-18 20:00,2016-02-22 10:00,buy,1227.23,1208.31,1257.37,1208.31,-1.000,sl,36.2,3,0.01137,0.000
2016-02-24 01:00,2016-03-03 18:30,buy,1226.69,1208.42,1259.46,1259.46,1.793,tp,155.8,3,0.01183,0.000
2016-03-10 20:00,2016-03-11 22:15,buy,1272.61,1252.88,1307.51,1252.88,-1.000,sl,25.5,3,0.01221,0.000
2016-03-30 01:00,2016-04-01 15:45,buy,1240.97,1221.34,1275.44,1221.34,-1.000,sl,61.0,3,0.01241,0.000
2016-04-05 12:00,2016-04-19 21:45,buy,1232.85,1215.55,1266.51,1251.89,1.101,time,240.0,3,0.01174,0.000
2016-04-21 12:00,2016-04-22 15:30,buy,1258.11,1243.70,1285.65,1243.70,-1.000,sl,26.8,3,0.00945,0.000
2016-05-06 16:00,2016-05-09 11:15,buy,1292.19,1278.09,1321.40,1278.09,-1.000,sl,18.5,3,0.00949,0.000
2016-05-16 16:00,2016-05-16 17:45,buy,1286.81,1273.30,1316.23,1273.30,-1.000,sl,2.0,3,0.00944,0.000
2016-06-08 16:00,2016-06-13 13:30,buy,1258.01,1244.29,1284.81,1284.81,1.954,tp,66.5,3,0.00912,0.000
2016-06-13 16:00,2016-06-16 17:30,buy,1286.86,1274.07,1314.52,1314.52,2.163,tp,70.8,3,0.00889,0.000
2016-08-01 01:00,2016-08-05 22:30,buy,1351.36,1335.32,1376.51,1335.32,-1.000,sl,113.8,3,0.00864,0.000
2016-08-10 08:00,2016-08-11 08:15,buy,1352.72,1340.45,1380.45,1340.45,-1.000,sl,23.5,3,0.00836,0.000
2016-08-12 16:00,2016-08-12 19:45,buy,1355.18,1338.46,1379.17,1338.46,-1.000,sl,4.0,3,0.00852,0.000
2016-09-02 16:00,2016-09-06 20:15,buy,1324.82,1312.94,1349.42,1349.42,2.070,tp,46.2,3,0.00778,0.000
2016-11-01 16:00,2016-11-08 18:30,buy,1288.89,1276.87,1308.75,1276.87,-1.000,sl,113.8,3,0.00699,0.000
2016-12-27 12:00,2017-01-04 11:00,buy,1143.62,1133.39,1165.85,1165.85,2.173,tp,114.0,3,0.00802,0.000
2017-01-05 08:00,2017-01-11 20:00,buy,1175.44,1162.64,1194.29,1194.29,1.473,tp,104.2,3,0.00763,0.000
2017-01-17 08:00,2017-01-18 22:15,buy,1212.02,1202.50,1230.72,1202.50,-1.000,sl,37.5,3,0.00657,0.000
2017-01-31 16:00,2017-02-02 15:30,buy,1204.19,1195.20,1224.79,1224.79,2.291,tp,45.8,3,0.00693,0.000
2017-02-02 16:00,2017-02-03 15:30,buy,1223.80,1209.70,1261.33,1209.70,-1.000,sl,22.8,3,0.00659,0.899
2017-02-06 16:00,2017-02-13 17:15,buy,1229.43,1219.95,1254.12,1219.95,-1.000,sl,116.5,3,0.00667,0.024
2017-02-23 16:00,2017-03-01 15:45,buy,1248.67,1237.45,1268.42,1237.45,-1.000,sl,92.0,3,0.00701,0.000
2017-03-16 16:00,2017-03-22 16:00,buy,1228.32,1218.59,1249.37,1249.37,2.163,tp,88.2,3,0.00707,0.000
2017-03-27 04:00,2017-03-30 16:00,buy,1255.03,1245.57,1276.18,1245.57,-1.000,sl,81.2,3,0.00688,0.000
2017-04-07 08:00,2017-04-07 21:00,buy,1263.72,1251.77,1281.24,1251.77,-1.000,sl,13.2,3,0.00660,0.000
2017-05-15 16:00,2017-05-17 16:00,buy,1236.41,1228.48,1252.93,1252.93,2.084,tp,46.2,3,0.00558,0.000
2017-05-22 01:00,2017-05-31 20:30,buy,1255.58,1246.56,1273.25,1273.25,1.959,tp,176.8,3,0.00600,0.000
2017-06-02 16:00,2017-06-06 13:15,buy,1273.89,1265.62,1290.73,1290.73,2.037,tp,43.5,3,0.00556,0.000
2017-06-14 16:00,2017-06-14 21:30,buy,1276.56,1266.26,1291.94,1266.26,-1.000,sl,5.8,3,0.00568,0.000
2017-07-18 20:00,2017-07-26 22:00,buy,1242.30,1233.61,1260.70,1260.70,2.117,tp,140.2,3,0.00615,0.000
2017-07-27 01:00,2017-08-09 21:30,buy,1261.09,1249.71,1277.21,1277.21,1.417,tp,227.5,3,0.00616,0.000
2017-08-11 01:00,2017-08-15 04:00,buy,1286.50,1277.39,1304.66,1277.39,-1.000,sl,49.2,3,0.00598,0.000
2017-08-18 16:00,2017-08-18 19:15,buy,1296.69,1287.74,1315.67,1287.74,-1.000,sl,3.5,3,0.00607,0.000
2017-08-31 20:00,2017-09-04 09:00,buy,1317.07,1308.15,1337.58,1337.58,2.300,tp,35.2,3,0.00630,0.000
2017-09-07 16:00,2017-09-11 15:15,buy,1344.09,1334.01,1364.13,1334.01,-1.000,sl,45.5,3,0.00632,0.000
2017-09-25 20:00,2017-09-26 19:30,buy,1310.26,1296.89,1330.92,1296.89,-1.000,sl,22.8,3,0.00735,0.000
2017-10-16 01:00,2017-10-16 22:00,buy,1303.55,1293.27,1323.43,1293.27,-1.000,sl,21.2,3,0.00653,0.000
2017-10-20 01:00,2017-10-20 10:15,buy,1289.61,1280.81,1309.40,1280.81,-1.000,sl,9.5,3,0.00625,0.000
2017-11-01 12:00,2017-11-03 16:30,buy,1279.18,1271.00,1296.66,1271.00,-1.000,sl,48.8,3,0.00566,0.000
2017-11-06 20:00,2017-11-14 10:00,buy,1280.99,1270.03,1296.17,1270.03,-1.000,sl,128.2,3,0.00576,0.000
2017-11-22 20:00,2017-11-30 10:45,buy,1291.09,1280.37,1308.90,1280.37,-1.000,sl,121.8,3,0.00624,0.000
2017-12-22 20:00,2017-12-28 07:15,buy,1275.52,1266.52,1291.57,1291.57,1.783,tp,48.5,3,0.00554,0.000
2017-12-29 01:00,2018-01-02 11:45,buy,1295.11,1287.01,1312.08,1312.08,2.095,tp,25.8,3,0.00546,0.000
2018-01-02 12:00,2018-01-12 06:15,buy,1312.39,1302.33,1328.38,1328.38,1.590,tp,178.5,3,0.00560,0.000
2018-01-12 12:00,2018-01-12 15:30,buy,1331.03,1322.34,1346.21,1322.34,-1.000,sl,3.8,3,0.00506,0.000
2018-01-12 20:00,2018-01-24 10:00,buy,1331.95,1322.34,1346.70,1346.70,1.535,tp,170.2,3,0.00516,0.000
2018-02-26 08:00,2018-02-27 15:00,buy,1339.97,1328.78,1362.73,1328.78,-1.000,sl,30.2,3,0.00716,0.000
2018-03-06 16:00,2018-03-08 17:00,buy,1332.33,1319.88,1354.50,1319.88,-1.000,sl,47.2,3,0.00735,0.000
2018-03-21 16:00,2018-03-23 02:45,buy,1320.73,1311.06,1337.96,1337.96,1.782,tp,31.0,3,0.00575,0.000
2018-03-23 04:00,2018-03-28 19:00,buy,1337.81,1328.61,1357.27,1328.61,-1.000,sl,83.2,3,0.00604,0.000
2018-04-02 16:00,2018-04-05 10:00,buy,1334.82,1325.04,1352.09,1325.04,-1.000,sl,63.2,3,0.00572,0.000
2018-04-13 20:00,2018-04-23 01:00,buy,1346.77,1334.87,1365.05,1334.87,-1.000,sl,119.2,3,0.00633,0.000
2018-05-10 16:00,2018-05-15 07:15,buy,1322.18,1312.36,1337.66,1312.36,-1.000,sl,60.5,3,0.00540,0.000
2018-06-14 16:00,2018-06-15 09:00,buy,1307.51,1299.46,1319.87,1299.46,-1.000,sl,16.2,3,0.00440,0.000
2018-07-09 16:00,2018-07-10 11:30,buy,1263.37,1254.56,1278.90,1254.56,-1.000,sl,18.8,3,0.00543,0.000
2018-07-25 16:00,2018-07-26 21:00,buy,1232.57,1224.45,1249.21,1224.45,-1.000,sl,28.2,3,0.00566,0.000
2018-08-24 16:00,2018-08-27 17:15,buy,1194.06,1185.27,1210.81,1210.81,1.906,tp,24.5,3,0.00604,0.000
2018-09-17 20:00,2018-09-21 16:00,buy,1202.67,1193.43,1219.45,1193.43,-1.000,sl,88.2,3,0.00611,0.000
2018-10-02 16:00,2018-10-08 15:15,buy,1198.14,1188.66,1214.72,1188.66,-1.000,sl,91.5,3,0.00614,0.000
2018-11-16 16:00,2018-11-27 18:15,buy,1223.28,1212.69,1238.59,1212.69,-1.000,sl,156.2,3,0.00598,0.000
2018-12-03 12:00,2018-12-07 15:30,buy,1231.87,1221.96,1245.55,1245.55,1.380,tp,95.8,3,0.00541,0.000
2018-12-07 20:00,2018-12-14 09:30,buy,1246.81,1237.76,1259.88,1237.76,-1.000,sl,104.8,3,0.00501,0.000
2018-12-24 08:00,2018-12-26 18:00,buy,1263.65,1255.38,1278.94,1278.94,1.849,tp,24.8,3,0.00526,0.000
2018-12-27 16:00,2019-01-03 08:15,buy,1276.02,1266.78,1290.55,1290.55,1.572,tp,76.5,3,0.00526,0.000
2019-01-04 01:00,2019-01-04 16:00,buy,1294.22,1284.60,1308.35,1284.60,-1.000,sl,15.2,3,0.00518,0.000
2019-01-07 16:00,2019-01-08 05:30,buy,1292.57,1284.53,1309.00,1284.53,-1.000,sl,12.8,3,0.00534,0.000
2019-01-10 01:00,2019-01-18 11:15,buy,1293.18,1285.04,1310.64,1285.04,-1.000,sl,148.5,3,0.00558,0.000
2019-01-30 01:00,2019-02-07 06:30,buy,1311.91,1303.21,1327.13,1303.21,-1.000,sl,143.8,3,0.00514,0.000
2019-02-14 20:00,2019-02-19 10:15,buy,1314.28,1305.88,1328.22,1328.22,1.659,tp,55.5,3,0.00479,0.000
2019-02-22 20:00,2019-02-27 16:30,buy,1332.96,1323.30,1348.64,1323.30,-1.000,sl,64.2,3,0.00536,0.000
2019-03-13 01:00,2019-03-14 15:00,buy,1301.40,1293.27,1318.85,1293.27,-1.000,sl,36.2,3,0.00554,0.000
2019-03-15 16:00,2019-03-25 16:15,buy,1304.82,1296.08,1321.89,1321.89,1.953,tp,132.5,3,0.00558,0.000
2019-03-25 20:00,2019-03-26 13:30,buy,1322.89,1313.07,1338.17,1313.07,-1.000,sl,15.8,3,0.00535,0.000
2019-05-23 16:00,2019-05-31 12:30,buy,1282.98,1273.41,1296.76,1296.76,1.440,tp,130.8,3,0.00514,0.000
2019-05-31 16:00,2019-06-03 05:15,buy,1297.45,1288.41,1312.32,1312.32,1.645,tp,12.5,3,0.00520,0.000
2019-06-03 08:00,2019-06-05 09:15,buy,1312.78,1305.13,1329.20,1329.20,2.147,tp,47.5,3,0.00517,0.000
2019-06-06 20:00,2019-06-10 04:15,buy,1339.44,1330.09,1356.59,1330.09,-1.000,sl,30.5,3,0.00558,0.000
2019-06-12 12:00,2019-06-14 09:15,buy,1337.85,1326.65,1353.94,1353.94,1.437,tp,43.5,3,0.00576,0.000
2019-06-20 04:00,2019-06-20 04:00,buy,1371.59,1359.64,1392.30,1392.30,1.733,tp,0.2,3,0.00673,0.000
2019-07-03 04:00,2019-07-03 14:30,buy,1434.78,1418.00,1465.94,1418.00,-1.000,sl,10.8,3,0.00947,0.000
2019-07-10 20:00,2019-07-18 22:15,buy,1412.20,1397.51,1446.54,1446.54,2.338,tp,140.5,3,0.00983,0.000
2019-07-19 01:00,2019-07-19 17:45,buy,1445.90,1426.21,1478.37,1426.21,-1.000,sl,17.0,3,0.01024,0.000
2019-08-05 12:00,2019-08-07 09:30,buy,1457.47,1440.32,1490.21,1490.21,1.909,tp,43.8,3,0.00970,0.000
2019-08-13 01:00,2019-08-13 16:45,buy,1511.97,1497.02,1546.78,1497.02,-1.000,sl,16.0,3,0.00931,0.000
2019-08-26 04:00,2019-08-26 11:30,buy,1545.14,1526.25,1581.39,1526.25,-1.000,sl,7.8,3,0.01012,0.000
2019-09-03 20:00,2019-09-05 16:45,buy,1546.12,1528.96,1580.32,1528.96,-1.000,sl,43.0,3,0.00941,0.000
2019-09-12 16:00,2019-09-13 01:30,buy,1516.34,1496.52,1548.41,1496.52,-1.000,sl,8.8,3,0.00971,0.000
2019-09-23 01:00,2019-09-27 09:30,buy,1516.52,1498.47,1552.06,1498.47,-1.000,sl,100.8,3,0.01002,0.000
2019-12-03 16:00,2019-12-06 16:00,buy,1474.48,1462.45,1496.86,1462.45,-1.000,sl,69.2,3,0.00659,0.000
2019-12-12 01:00,2019-12-12 21:30,buy,1474.97,1464.35,1492.17,1464.35,-1.000,sl,20.8,3,0.00532,0.000
2019-12-26 16:00,2020-01-02 15:45,buy,1508.03,1498.99,1528.39,1528.39,2.253,tp,84.0,3,0.00549,0.000
2020-01-03 01:00,2020-01-03 11:30,buy,1529.02,1520.46,1548.70,1548.70,2.299,tp,10.8,3,0.00520,0.000
2020-02-03 01:00,2020-02-03 09:30,buy,1589.08,1573.85,1620.88,1573.85,-1.000,sl,8.8,3,0.00837,0.000
2020-02-13 20:00,2020-02-18 17:30,buy,1576.72,1565.73,1598.53,1598.53,1.984,tp,62.8,3,0.00587,0.000
2020-02-20 01:00,2020-02-21 09:30,buy,1611.59,1601.35,1634.49,1634.49,2.237,tp,31.8,3,0.00580,0.000
2020-02-26 12:00,2020-02-26 15:45,buy,1650.97,1635.26,1678.21,1635.26,-1.000,sl,4.0,3,0.00736,0.000
2020-03-09 04:00,2020-03-09 06:00,buy,1701.22,1674.06,1749.65,1674.06,-1.000,sl,2.2,3,0.01265,0.000
2020-03-24 16:00,2020-04-08 07:00,buy,1601.10,1552.39,1688.42,1648.51,0.973,time,240.0,3,0.02455,0.000
2020-04-13 01:00,2020-04-27 10:45,buy,1683.81,1645.40,1774.25,1720.70,0.960,time,240.0,3,0.02193,0.000
2020-05-15 20:00,2020-05-18 18:15,buy,1748.98,1730.06,1789.50,1730.06,-1.000,sl,21.5,3,0.00962,0.000
2020-05-29 20:00,2020-06-03 11:00,buy,1733.85,1718.68,1767.11,1718.68,-1.000,sl,60.2,3,0.00789,0.000
2020-06-09 16:00,2020-06-22 01:15,buy,1716.45,1698.39,1749.40,1749.40,1.824,tp,192.5,3,0.00841,0.000
2020-07-08 20:00,2020-07-10 19:30,buy,1812.72,1794.60,1841.61,1794.60,-1.000,sl,45.8,3,0.00734,0.000
2020-07-20 01:00,2020-07-21 15:15,buy,1809.93,1796.84,1837.51,1837.51,2.107,tp,37.5,3,0.00634,0.000
2020-07-22 08:00,2020-07-23 11:30,buy,1856.56,1841.48,1884.92,1884.92,1.881,tp,26.8,3,0.00661,0.000
2020-07-27 01:00,2020-07-27 06:00,buy,1901.88,1885.97,1936.72,1936.72,2.190,tp,5.2,3,0.00754,0.000
2020-07-28 04:00,2020-07-28 06:00,buy,1964.09,1940.96,1998.74,1940.96,-1.000,sl,2.2,3,0.00834,0.000
2020-07-31 12:00,2020-08-04 22:45,buy,1977.05,1957.54,2017.66,2017.66,2.082,tp,57.0,3,0.00860,0.000
2020-08-06 01:00,2020-08-07 20:15,buy,2039.21,2018.53,2084.32,2018.53,-1.000,sl,42.5,3,0.00913,0.000
2020-08-28 20:00,2020-09-03 09:45,buy,1969.85,1928.32,2038.99,1928.32,-1.000,sl,82.0,3,0.01608,0.000
2020-10-01 16:00,2020-10-06 23:00,buy,1903.89,1885.23,1946.56,1885.23,-1.000,sl,76.2,3,0.00911,0.000
2020-10-09 12:00,2020-10-13 16:30,buy,1915.36,1893.50,1958.70,1893.50,-1.000,sl,50.8,3,0.00965,0.000
2020-10-21 20:00,2020-10-22 15:00,buy,1925.20,1907.53,1966.45,1907.53,-1.000,sl,18.2,3,0.00865,0.000
2020-11-03 01:00,2020-11-05 15:45,buy,1895.31,1878.37,1932.22,1932.22,2.179,tp,61.0,3,0.00803,0.000
2020-12-15 16:00,2020-12-17 16:30,buy,1853.01,1827.82,1890.61,1890.61,1.493,tp,46.8,3,0.00962,0.000
2020-12-21 08:00,2020-12-21 11:45,buy,1903.00,1880.55,1948.80,1880.55,-1.000,sl,4.0,3,0.01017,0.000
2021-01-04 04:00,2021-01-05 21:30,buy,1916.86,1893.43,1952.78,1952.78,1.533,tp,40.8,3,0.00878,0.000
2021-01-20 20:00,2021-01-22 15:00,buy,1863.36,1839.63,1916.67,1839.63,-1.000,sl,41.2,3,0.01173,0.000
2021-01-29 16:00,2021-01-29 22:45,buy,1872.11,1842.61,1923.19,1842.61,-1.000,sl,7.0,3,0.01225,0.000
2021-02-08 20:00,2021-02-12 10:15,buy,1833.04,1813.40,1877.23,1813.40,-1.000,sl,82.5,3,0.00986,0.000
2021-04-01 20:00,2021-04-15 17:15,buy,1726.22,1707.70,1763.92,1763.92,2.036,tp,204.5,3,0.00922,0.000
2021-04-16 16:00,2021-04-28 12:15,buy,1781.03,1763.50,1811.83,1763.50,-1.000,sl,180.5,3,0.00768,0.000
2021-05-03 16:00,2021-05-06 16:45,buy,1784.90,1768.97,1811.58,1811.58,1.675,tp,70.0,3,0.00675,0.000
2021-05-17 01:00,2021-05-19 16:00,buy,1842.81,1826.93,1875.83,1875.83,2.079,tp,61.2,3,0.00750,0.000
2021-05-26 01:00,2021-06-03 16:00,buy,1899.43,1881.35,1936.03,1881.35,-1.000,sl,149.0,3,0.00814,0.000
2021-07-14 16:00,2021-07-19 09:00,buy,1828.86,1807.14,1874.05,1807.14,-1.000,sl,62.2,3,0.01037,0.000
2021-07-29 12:00,2021-08-02 09:45,buy,1821.81,1807.11,1850.79,1807.11,-1.000,sl,44.0,3,0.00677,0.000
2021-08-04 16:00,2021-08-04 17:15,buy,1827.38,1810.12,1853.68,1810.12,-1.000,sl,1.5,3,0.00674,0.000
2021-08-23 16:00,2021-08-26 16:00,buy,1800.16,1780.94,1837.78,1780.94,-1.000,sl,69.2,3,0.00894,0.000
2021-09-03 20:00,2021-09-07 14:00,buy,1830.34,1809.55,1862.05,1809.55,-1.000,sl,36.2,3,0.00813,0.000
2021-10-08 16:00,2021-10-11 01:15,buy,1776.05,1754.91,1807.16,1754.91,-1.000,sl,8.5,3,0.00834,0.000
2021-10-19 12:00,2021-11-02 20:45,buy,1781.61,1764.53,1821.67,1787.14,0.324,time,240.0,3,0.00907,0.000
2021-11-10 16:00,2021-11-22 16:00,buy,1850.02,1831.68,1885.75,1831.68,-1.000,sl,184.2,3,0.00827,0.000
2021-12-16 20:00,2022-01-03 01:00,buy,1797.53,1777.09,1831.04,1831.04,1.640,tp,231.2,3,0.00850,0.000
2022-01-04 20:00,2022-01-06 08:45,buy,1813.82,1801.20,1841.65,1801.20,-1.000,sl,35.0,3,0.00629,0.000
2022-01-11 20:00,2022-01-20 03:30,buy,1817.81,1801.69,1843.63,1843.63,1.602,tp,142.2,3,0.00652,0.000
2022-02-11 20:00,2022-02-14 17:30,buy,1840.81,1826.75,1870.11,1870.11,2.084,tp,20.8,3,0.00665,0.000
2022-02-16 20:00,2022-02-17 20:30,buy,1869.31,1853.36,1900.75,1900.75,1.971,tp,23.8,3,0.00716,0.000
2022-02-28 04:00,2022-03-04 16:30,buy,1913.54,1888.25,1953.17,1953.17,1.567,tp,104.8,3,0.00963,0.000
2022-03-04 20:00,2022-03-08 08:30,buy,1962.37,1936.62,2009.71,2009.71,1.839,tp,34.8,3,0.01057,0.000
2022-03-08 20:00,2022-03-09 15:15,buy,2030.07,1997.24,2081.58,1997.24,-1.000,sl,18.5,3,0.01183,0.000
2022-04-12 20:00,2022-04-19 17:30,buy,1974.35,1954.81,2016.98,1954.81,-1.000,sl,89.8,3,0.00891,0.000
2022-05-05 08:00,2022-05-05 18:00,buy,1901.83,1881.75,1938.64,1881.75,-1.000,sl,10.2,3,0.00847,0.000
2022-05-19 16:00,2022-06-03 05:15,buy,1838.50,1817.35,1882.04,1872.09,1.588,time,240.0,3,0.00997,0.000
2022-06-16 20:00,2022-06-21 09:45,buy,1850.52,1833.77,1888.34,1833.77,-1.000,sl,56.5,3,0.00833,0.000
2022-07-28 20:00,2022-08-04 21:00,buy,1754.26,1734.33,1793.34,1793.34,1.961,tp,116.2,3,0.00953,0.000
2022-09-06 04:00,2022-09-06 15:45,buy,1724.21,1710.07,1750.05,1710.07,-1.000,sl,12.0,3,0.00655,0.000
2022-09-09 08:00,2022-09-13 15:30,buy,1721.65,1708.42,1752.00,1708.42,-1.000,sl,53.8,3,0.00715,0.000
2022-10-04 20:00,2022-10-07 15:45,buy,1723.57,1699.62,1765.91,1699.62,-1.000,sl,65.0,3,0.01092,0.000
2022-10-21 20:00,2022-11-03 10:00,buy,1651.73,1628.03,1692.14,1628.03,-1.000,sl,198.2,3,0.01103,0.000
2022-11-04 08:00,2022-11-08 17:00,buy,1647.46,1629.55,1686.89,1686.89,2.201,tp,54.2,3,0.00986,0.000
2022-11-10 16:00,2022-11-15 09:15,buy,1733.36,1706.92,1776.30,1776.30,1.624,tp,62.5,3,0.01139,0.000
2022-12-01 16:00,2022-12-05 20:00,buy,1789.77,1768.39,1832.64,1768.39,-1.000,sl,50.2,3,0.01018,0.000
2022-12-19 01:00,2022-12-27 17:30,buy,1793.35,1776.80,1829.99,1829.99,2.214,tp,131.8,3,0.00839,0.000
2023-01-03 08:00,2023-01-09 04:15,buy,1840.64,1824.20,1877.29,1877.29,2.229,tp,88.5,3,0.00815,0.000
2023-01-13 20:00,2023-01-18 07:30,buy,1917.18,1896.75,1948.83,1896.75,-1.000,sl,54.2,3,0.00769,0.000
2023-01-19 20:00,2023-01-31 11:30,buy,1920.35,1904.16,1955.88,1904.16,-1.000,sl,175.8,3,0.00761,0.000
2023-02-02 01:00,2023-02-02 16:45,buy,1950.31,1928.10,1986.01,1928.10,-1.000,sl,16.0,3,0.00841,0.000
2023-03-13 12:00,2023-03-13 17:30,buy,1886.28,1867.15,1913.09,1913.09,1.402,tp,5.8,3,0.00689,0.000
2023-04-13 16:00,2023-04-14 17:00,buy,2045.29,2014.77,2091.55,2014.77,-1.000,sl,24.2,3,0.01067,0.000
2023-05-04 01:00,2023-05-05 15:30,buy,2038.77,2016.53,2086.07,2016.53,-1.000,sl,37.8,3,0.00966,0.000
2023-06-08 16:00,2023-06-14 23:45,buy,1959.62,1939.87,1995.57,1939.87,-1.000,sl,100.0,3,0.00804,0.000
2023-06-15 20:00,2023-06-20 16:00,buy,1959.75,1941.74,1997.85,1941.74,-1.000,sl,62.8,3,0.00809,0.000
2023-07-07 20:00,2023-07-12 19:15,buy,1927.18,1910.93,1958.43,1958.43,1.923,tp,68.5,3,0.00696,0.000
2023-07-18 16:00,2023-07-24 21:15,buy,1968.96,1954.92,1998.87,1954.92,-1.000,sl,97.5,3,0.00630,0.000
2023-07-28 20:00,2023-08-01 16:00,buy,1961.33,1945.52,1987.78,1945.52,-1.000,sl,42.2,3,0.00609,0.000
2023-10-11 20:00,2023-10-13 15:15,buy,1874.59,1860.42,1905.93,1905.93,2.212,tp,41.5,3,0.00685,0.000
2023-10-30 00:00,2023-10-31 19:15,buy,2006.16,1984.73,2041.66,1984.73,-1.000,sl,42.5,3,0.00803,0.000
2023-11-14 20:00,2023-11-17 12:15,buy,1962.43,1946.10,1993.23,1993.23,1.886,tp,61.5,3,0.00678,0.000
2023-11-21 08:00,2023-11-28 16:15,buy,1991.92,1977.65,2024.04,2024.04,2.251,tp,117.8,3,0.00657,0.000
2023-12-04 04:00,2023-12-04 09:30,buy,2087.98,2071.63,2123.44,2071.63,-1.000,sl,5.8,3,0.00701,0.000
2023-12-22 16:00,2024-01-03 14:00,buy,2067.38,2045.78,2117.86,2045.78,-1.000,sl,135.5,3,0.00987,0.000
2024-01-15 01:00,2024-01-16 19:00,buy,2049.06,2028.54,2082.01,2028.54,-1.000,sl,39.0,3,0.00738,0.000
2024-01-29 16:00,2024-02-05 15:15,buy,2037.20,2018.49,2069.87,2018.49,-1.000,sl,114.5,3,0.00713,0.000
2024-02-23 20:00,2024-03-01 17:45,buy,2038.21,2024.27,2070.74,2070.74,2.334,tp,113.0,3,0.00643,0.000
2024-03-05 20:00,2024-03-08 10:30,buy,2131.10,2114.27,2167.24,2167.24,2.147,tp,59.8,3,0.00702,0.000
2024-03-13 20:00,2024-03-14 16:15,buy,2174.78,2158.13,2210.50,2158.13,-1.000,sl,19.5,3,0.00680,0.000
2024-03-21 04:00,2024-03-21 16:00,buy,2205.03,2186.24,2246.13,2186.24,-1.000,sl,12.2,3,0.00767,0.000
2024-03-28 20:00,2024-04-01 06:30,buy,2222.17,2194.88,2261.88,2261.88,1.455,tp,8.8,3,0.00855,0.000
2024-04-01 08:00,2024-04-01 17:15,buy,2260.59,2232.88,2302.80,2232.88,-1.000,sl,9.5,3,0.00877,0.000
2024-05-15 01:00,2024-05-17 17:15,buy,2358.25,2336.14,2407.15,2407.15,2.212,tp,62.5,3,0.00851,0.000
2024-05-20 08:00,2024-05-20 15:30,buy,2437.63,2413.84,2486.35,2413.84,-1.000,sl,7.8,3,0.00841,0.000
2024-06-03 20:00,2024-06-04 12:00,buy,2349.52,2327.46,2396.10,2327.46,-1.000,sl,15.2,3,0.00826,0.000
2024-06-05 20:00,2024-06-07 15:30,buy,2352.92,2326.79,2396.98,2326.79,-1.000,sl,41.8,3,0.00845,0.000
2024-06-14 16:00,2024-06-26 16:00,buy,2330.69,2303.85,2387.44,2303.85,-1.000,sl,181.8,3,0.01016,0.000
2024-07-03 20:00,2024-07-11 15:30,buy,2356.89,2329.35,2406.08,2406.08,1.786,tp,131.5,3,0.00923,0.000
2024-07-15 20:00,2024-07-17 04:00,buy,2430.61,2411.59,2473.61,2473.61,2.261,tp,30.2,3,0.00720,0.000
2024-08-02 16:00,2024-08-02 17:30,buy,2473.07,2446.30,2518.97,2446.30,-1.000,sl,1.8,3,0.00832,0.000
2024-08-08 20:00,2024-08-16 15:45,buy,2418.25,2383.06,2480.29,2480.29,1.763,tp,134.0,3,0.01143,0.000
2024-08-16 16:00,2024-09-02 02:45,buy,2491.79,2456.24,2556.98,2502.88,0.312,time,240.0,3,0.01149,0.000
2024-09-05 16:00,2024-09-06 19:15,buy,2517.88,2495.44,2569.64,2495.44,-1.000,sl,26.5,3,0.00833,0.000
2024-09-13 20:00,2024-09-18 22:00,buy,2584.46,2558.60,2632.20,2558.60,-1.000,sl,71.2,3,0.00806,0.000
2024-09-19 12:00,2024-09-23 06:15,buy,2585.11,2559.27,2630.68,2630.68,1.763,tp,40.5,3,0.00782,0.000
2024-09-24 20:00,2024-09-30 21:00,buy,2653.66,2628.39,2705.44,2628.39,-1.000,sl,93.2,3,0.00821,0.000
2024-10-18 20:00,2024-10-29 16:00,buy,2717.85,2692.83,2765.31,2765.31,1.897,tp,158.2,3,0.00754,0.000
2024-10-29 20:00,2024-10-31 16:30,buy,2769.98,2742.24,2816.28,2742.24,-1.000,sl,42.8,3,0.00756,0.000
2024-11-22 12:00,2024-11-25 05:15,buy,2703.51,2669.41,2767.98,2669.41,-1.000,sl,16.5,3,0.01034,0.000
2024-12-09 16:00,2024-12-18 21:00,buy,2665.79,2632.67,2730.64,2632.67,-1.000,sl,166.2,3,0.01042,0.000
2025-01-02 20:00,2025-01-06 15:30,buy,2656.77,2624.61,2706.86,2624.61,-1.000,sl,41.8,3,0.00878,0.000
2025-01-07 16:00,2025-01-16 15:45,buy,2662.70,2635.77,2716.20,2716.20,1.986,tp,161.0,3,0.00855,0.000
2025-01-16 20:00,2025-01-20 01:15,buy,2722.03,2696.28,2771.60,2696.28,-1.000,sl,27.5,3,0.00783,0.000
2025-01-21 08:00,2025-01-22 12:30,buy,2726.37,2706.70,2763.16,2763.16,1.870,tp,27.8,3,0.00584,0.000
2025-01-24 08:00,2025-01-27 04:15,buy,2775.52,2754.52,2816.58,2754.52,-1.000,sl,19.5,3,0.00596,0.006
2025-01-28 20:00,2025-01-31 14:15,buy,2759.94,2740.70,2803.38,2803.38,2.258,tp,63.5,3,0.00641,0.000
2025-02-11 04:00,2025-02-11 04:30,buy,2934.20,2907.88,2979.39,2907.88,-1.000,sl,0.8,3,0.00689,0.000
2025-02-14 01:00,2025-02-14 17:15,buy,2928.59,2903.97,2979.26,2903.97,-1.000,sl,16.5,3,0.00726,0.000
2025-02-18 20:00,2025-02-25 18:00,buy,2931.41,2899.45,2979.04,2899.45,-1.000,sl,113.2,3,0.00769,0.000
2025-03-04 16:00,2025-03-06 11:45,buy,2922.84,2892.99,2978.41,2892.99,-1.000,sl,42.0,3,0.00827,0.000
2025-03-11 16:00,2025-03-13 17:15,buy,2917.78,2889.24,2974.09,2974.09,1.973,tp,47.5,3,0.00823,0.000
2025-03-18 16:00,2025-03-21 16:00,buy,3033.48,3001.02,3086.51,3001.02,-1.000,sl,69.2,3,0.00798,0.000
2025-03-28 16:00,2025-04-01 04:45,buy,3083.52,3056.42,3137.00,3137.00,1.974,tp,34.0,3,0.00739,0.000
2025-04-10 08:00,2025-04-11 11:15,buy,3125.52,3082.78,3224.53,3224.53,2.317,tp,26.5,3,0.01288,0.000
2025-04-11 16:00,2025-04-16 18:45,buy,3233.83,3175.39,3325.36,3325.36,1.566,tp,72.0,3,0.01323,0.000
2025-04-21 08:00,2025-04-22 06:30,buy,3376.55,3327.24,3493.00,3493.00,2.362,tp,21.8,3,0.01396,0.000
2025-04-22 08:00,2025-04-22 15:45,buy,3484.64,3424.40,3599.79,3424.40,-1.000,sl,8.0,3,0.01435,0.000
2025-04-25 01:00,2025-04-25 08:45,buy,3348.83,3288.12,3469.91,3288.12,-1.000,sl,8.0,3,0.01549,0.000
2025-05-06 16:00,2025-05-08 09:30,buy,3391.26,3333.96,3511.30,3333.96,-1.000,sl,39.8,3,0.01490,0.000
2025-05-21 01:00,2025-06-04 14:30,buy,3289.91,3230.12,3406.43,3349.61,0.998,time,240.0,3,0.01529,0.000
2025-06-13 16:00,2025-06-16 16:45,buy,3437.03,3386.66,3515.69,3386.66,-1.000,sl,24.0,3,0.01067,0.000
2025-07-01 12:00,2025-07-07 10:45,buy,3339.74,3302.92,3406.61,3302.92,-1.000,sl,72.0,3,0.00879,0.000
2025-07-11 16:00,2025-07-15 19:00,buy,3355.37,3323.85,3419.12,3323.85,-1.000,sl,49.2,3,0.00803,0.000
2025-07-21 16:00,2025-07-25 11:15,buy,3387.45,3350.85,3448.19,3350.85,-1.000,sl,87.5,3,0.00814,0.000
2025-08-22 20:00,2025-08-29 16:30,buy,3370.85,3338.44,3424.41,3424.41,1.653,tp,111.8,3,0.00721,0.000
2025-08-29 20:00,2025-09-02 04:30,buy,3449.42,3417.36,3498.15,3498.15,1.520,tp,28.2,3,0.00662,0.000
2025-09-03 20:00,2025-09-04 05:45,buy,3572.70,3534.40,3628.98,3534.40,-1.000,sl,9.0,3,0.00750,0.000
2025-09-05 16:00,2025-09-09 05:00,buy,3580.49,3545.39,3647.54,3647.54,1.910,tp,35.2,3,0.00807,0.000
2025-11-25 01:00,2025-12-09 15:30,buy,4135.67,4064.65,4274.31,4200.44,0.912,time,240.0,3,0.01445,0.000
2025-12-12 16:00,2025-12-12 18:00,buy,4341.36,4280.63,4445.20,4280.63,-1.000,sl,2.2,3,0.01054,0.002
2025-12-22 08:00,2025-12-23 04:30,buy,4400.46,4338.63,4495.73,4495.73,1.541,tp,19.8,3,0.01014,0.000
2025-12-29 01:00,2025-12-29 02:30,buy,4531.42,4479.22,4640.73,4479.22,-1.000,sl,1.8,3,0.01010,0.000
2026-01-05 04:00,2026-01-12 01:15,buy,4402.01,4332.23,4533.63,4533.63,1.886,tp,112.5,3,0.01302,0.000
2026-01-12 08:00,2026-01-22 18:45,buy,4581.15,4509.35,4723.57,4723.57,1.984,tp,29.8,3,0.01331,0.000
2026-01-26 20:00,2026-01-28 22:00,buy,5101.12,4982.52,5336.55,5336.55,1.985,tp,48.2,3,0.01990,0.000
2026-01-29 04:00,2026-01-29 17:00,buy,5545.71,5414.46,5838.02,5414.46,-1.000,sl,13.2,3,0.02191,0.000
